period,year_start,year_end,country,country_code,country_key,iso3,is_aggregate,metric_key,metric_label,unit,years_observed,native_value,eu_migrant_value,extra_eu_migrant_value,gap_extra_eu_vs_native_pp,ratio_foreign_vs_native
1995-2007,1995,2007,Austria,AT,AUT,AUT,0,brain_waste,Highly educated employment rate,percentage points,13,76.78539467068877,79.47724535080306,74.6707326007326,-2.1146620699561898,
1995-2007,1995,2007,Belgium,BE,BEL,BEL,0,brain_waste,Highly educated employment rate,percentage points,13,73.62978883861237,74.87357843137254,57.5441765285996,-16.08561231001276,
1995-2007,2001,2007,Bulgaria,BG,BGR,BGR,0,brain_waste,Highly educated employment rate,percentage points,7,69.98015873015872,,,,
1995-2007,2006,2007,Croatia,HR,HRV,HRV,0,brain_waste,Highly educated employment rate,percentage points,2,72.69444444444444,,84.76666666666667,11.033333333333331,
1995-2007,1999,2007,Cyprus,CY,CYP,CYP,0,brain_waste,Highly educated employment rate,percentage points,9,82.18518518518516,80.70753968253968,62.51310185185186,-19.672083333333333,
1995-2007,1998,2007,Czechia,CZ,CZE,CZE,0,brain_waste,Highly educated employment rate,percentage points,10,78.3761111111111,82.95978571428572,78.13524404761907,-0.24086706349206252,
1995-2007,1995,2007,Denmark,DK,DNK,DNK,0,brain_waste,Highly educated employment rate,percentage points,13,80.23134741075917,81.6367599067599,65.54291194916195,-14.688435461597228,
1995-2007,1998,2007,Estonia,EE,EST,EST,0,brain_waste,Highly educated employment rate,percentage points,10,79.6182679738562,73.32457912457912,69.07003033730976,-10.548237636546464,
1995-2007,1995,2007,Finland,FI,FIN,FIN,0,brain_waste,Highly educated employment rate,percentage points,13,76.26880341880343,79.727913510101,54.70745370370371,-21.755046296296296,
1995-2007,1995,2007,France,FR,FRA,FRA,0,brain_waste,Highly educated employment rate,percentage points,13,71.91623931623931,69.72210664335665,59.03585137901314,-12.880387937226173,
1995-2007,1995,2007,Germany,DE,DEU,DEU,0,brain_waste,Highly educated employment rate,percentage points,12,75.62037037037037,75.42567401960784,58.10729166666667,-17.5130787037037,
1995-2007,1995,2007,Greece,EL,GRC,GRC,0,brain_waste,Highly educated employment rate,percentage points,13,71.40683760683761,68.31296037296036,69.94971153846156,-1.4571260683760665,
1995-2007,2001,2007,Hungary,HU,HUN,HUN,0,brain_waste,Highly educated employment rate,percentage points,7,74.72777777777777,79.28961811997526,76.12344619666048,1.3956684188827049,
1995-2007,1999,2007,Iceland,IS,ISL,ISL,0,brain_waste,Highly educated employment rate,percentage points,9,92.07389705882353,93.51666666666667,85.05238095238096,-3.700560224089633,
1995-2007,1999,2007,Ireland,IE,IRL,IRL,0,brain_waste,Highly educated employment rate,percentage points,8,81.33713235294118,83.16490384615385,73.95574667366947,-7.381385679271705,
1995-2007,2005,2007,Italy,IT,ITA,ITA,0,brain_waste,Highly educated employment rate,percentage points,3,71.77777777777777,71.78750000000001,73.59583333333335,1.8180555555555553,
1995-2007,2004,2007,Latvia,LV,LVA,LVA,0,brain_waste,Highly educated employment rate,percentage points,4,80.22222222222223,84.52222222222221,68.28595238095238,-12.641825396825396,
1995-2007,1998,2007,Lithuania,LT,LTU,LTU,0,brain_waste,Highly educated employment rate,percentage points,10,76.6838888888889,,,,
1995-2007,1995,2007,Luxembourg,LU,LUX,LUX,0,brain_waste,Highly educated employment rate,percentage points,12,79.20839460784313,78.40903799019608,73.9124007936508,-5.295993814192342,
1995-2007,2005,2007,Malta,MT,MLT,MLT,0,brain_waste,Highly educated employment rate,percentage points,3,79.72156862745099,,62.83796296296296,-16.883605664488016,
1995-2007,1999,2007,Netherlands,NL,NLD,NLD,0,brain_waste,Highly educated employment rate,percentage points,9,77.77716049382715,82.01805555555556,63.53946078431372,-14.237699709513436,
1995-2007,2006,2007,North Macedonia,MK,MKD,MKD,0,brain_waste,Highly educated employment rate,percentage points,2,65.70669934640523,,,,
1995-2007,1996,2007,Norway,NO,NOR,NOR,0,brain_waste,Highly educated employment rate,percentage points,12,82.78425925925926,86.75841765873015,74.01255456349206,-8.771704695767196,
1995-2007,2004,2007,Poland,PL,POL,POL,0,brain_waste,Highly educated employment rate,percentage points,4,71.89722222222223,,81.96296296296295,10.037037037037033,
1995-2007,1999,2007,Portugal,PT,PRT,PRT,0,brain_waste,Highly educated employment rate,percentage points,9,80.25424836601307,80.26296296296296,80.74083333333333,2.4602777777777782,
1995-2007,2004,2007,Romania,RO,ROU,ROU,0,brain_waste,Highly educated employment rate,percentage points,4,75.63749999999999,,,,
1995-2007,2003,2007,Slovakia,SK,SVK,SVK,0,brain_waste,Highly educated employment rate,percentage points,5,75.87888888888888,,,,
1995-2007,2002,2007,Slovenia,SI,SVN,SVN,0,brain_waste,Highly educated employment rate,percentage points,6,77.15288671023966,80.5625,,,
1995-2007,1995,2007,Spain,ES,ESP,ESP,0,brain_waste,Highly educated employment rate,percentage points,13,71.20042735042735,64.83750314228256,63.05199974861739,-8.148427601809958,
1995-2007,1997,2007,Sweden,SE,SWE,SWE,0,brain_waste,Highly educated employment rate,percentage points,11,79.73282828282828,80.97059573002754,61.70863636363636,-18.02419191919192,
1995-2007,1996,2007,Switzerland,CH,CHE,CHE,0,brain_waste,Highly educated employment rate,percentage points,12,84.19074074074075,82.01559095860566,74.9715659565108,-9.219174784229935,
1995-2007,1995,2007,United Kingdom,UK,GBR,GBR,0,brain_waste,Highly educated employment rate,percentage points,12,86.28750000000001,82.91515522875818,76.89782037815127,-9.389679621848742,
1995-2007,2003,2007,Austria,AT,AUT,AUT,0,poverty,Poverty risk rate,percentage points,5,15.220000000000002,,,,
1995-2007,2003,2007,Belgium,BE,BEL,BEL,0,poverty,Poverty risk rate,percentage points,5,20.106666666666666,,,,
1995-2007,2006,2007,Bulgaria,BG,BGR,BGR,0,poverty,Poverty risk rate,percentage points,2,59.25,,,,
1995-2007,2005,2007,Cyprus,CY,CYP,CYP,0,poverty,Poverty risk rate,percentage points,3,21.299999999999997,,,,
1995-2007,2005,2007,Czechia,CZ,CZE,CZE,0,poverty,Poverty risk rate,percentage points,3,16.766666666666666,,,,
1995-2007,2003,2007,Denmark,DK,DNK,DNK,0,poverty,Poverty risk rate,percentage points,5,16.4,,,,
1995-2007,2004,2007,Estonia,EE,EST,EST,0,poverty,Poverty risk rate,percentage points,4,20.96666666666667,,,,
1995-2007,2005,2007,Euro area aggregate,EA,EA,,1,poverty,Poverty risk rate,percentage points,3,20.7,,,,
1995-2007,2007,2007,European Union aggregate,EU,EU,,1,poverty,Poverty risk rate,percentage points,1,23.266666666666666,,,,
1995-2007,2004,2007,Finland,FI,FIN,FIN,0,poverty,Poverty risk rate,percentage points,4,16.791666666666668,,,,
1995-2007,2004,2007,France,FR,FRA,FRA,0,poverty,Poverty risk rate,percentage points,4,17.833333333333336,,,,
1995-2007,2005,2007,Germany,DE,DEU,DEU,0,poverty,Poverty risk rate,percentage points,3,20.333333333333332,,,,
1995-2007,2003,2007,Greece,EL,GRC,GRC,0,poverty,Poverty risk rate,percentage points,5,28.606666666666666,,,,
1995-2007,2005,2007,Hungary,HU,HUN,HUN,0,poverty,Poverty risk rate,percentage points,3,30.344444444444445,,,,
1995-2007,2004,2007,Iceland,IS,ISL,ISL,0,poverty,Poverty risk rate,percentage points,4,12.083333333333332,,,,
1995-2007,2003,2007,Ireland,IE,IRL,IRL,0,poverty,Poverty risk rate,percentage points,5,20.87333333333333,,,,
1995-2007,2004,2007,Italy,IT,ITA,ITA,0,poverty,Poverty risk rate,percentage points,4,24.791666666666664,,,,
1995-2007,2005,2007,Latvia,LV,LVA,LVA,0,poverty,Poverty risk rate,percentage points,3,37.47777777777778,,,,
1995-2007,2005,2007,Lithuania,LT,LTU,LTU,0,poverty,Poverty risk rate,percentage points,3,33.63333333333333,,,,
1995-2007,2003,2007,Luxembourg,LU,LUX,LUX,0,poverty,Poverty risk rate,percentage points,5,11.573333333333334,,,,
1995-2007,2005,2007,Malta,MT,MLT,MLT,0,poverty,Poverty risk rate,percentage points,3,18.144444444444446,,,,
1995-2007,2005,2007,Netherlands,NL,NLD,NLD,0,poverty,Poverty risk rate,percentage points,3,16.444444444444446,,,,
1995-2007,2003,2007,Norway,NO,NOR,NOR,0,poverty,Poverty risk rate,percentage points,5,14.733333333333334,,,,
1995-2007,2005,2007,Poland,PL,POL,POL,0,poverty,Poverty risk rate,percentage points,3,39.97777777777778,,,,
1995-2007,2004,2007,Portugal,PT,PRT,PRT,0,poverty,Poverty risk rate,percentage points,4,23.633333333333333,,,,
1995-2007,2007,2007,Romania,RO,ROU,ROU,0,poverty,Poverty risk rate,percentage points,1,43.76666666666667,,,,
1995-2007,2005,2007,Slovakia,SK,SVK,SVK,0,poverty,Poverty risk rate,percentage points,3,25.7,,,,
1995-2007,2005,2007,Slovenia,SI,SVN,SVN,0,poverty,Poverty risk rate,percentage points,3,17.42222222222222,,,,
1995-2007,2004,2007,Spain,ES,ESP,ESP,0,poverty,Poverty risk rate,percentage points,4,21.225,,,,
1995-2007,2004,2007,Sweden,SE,SWE,SWE,0,poverty,Poverty risk rate,percentage points,4,13.883333333333333,,,,
1995-2007,2007,2007,Switzerland,CH,CHE,CHE,0,poverty,Poverty risk rate,percentage points,1,13.933333333333332,,,,
1995-2007,2006,2007,Turkey,TR,TUR,TUR,0,poverty,Poverty risk rate,percentage points,2,63.03333333333333,,,,
1995-2007,2005,2007,United Kingdom,UK,GBR,GBR,0,poverty,Poverty risk rate,percentage points,3,20.57777777777778,,,,
1995-2007,1995,2007,Austria,AT,AUT,AUT,0,temporary_contract,Temporary contract rate,percentage points,13,9.653632478632478,11.78441391941392,11.842032967032967,2.1884004884004886,
1995-2007,1995,2007,Belgium,BE,BEL,BEL,0,temporary_contract,Temporary contract rate,percentage points,13,9.579059829059831,13.375137362637362,16.946437728937727,7.3673778998779,
1995-2007,2001,2007,Bulgaria,BG,BGR,BGR,0,temporary_contract,Temporary contract rate,percentage points,7,7.382857142857142,,,,
1995-2007,2006,2007,Croatia,HR,HRV,HRV,0,temporary_contract,Temporary contract rate,percentage points,2,15.355,,74.3,58.97,
1995-2007,1999,2007,Cyprus,CY,CYP,CYP,0,temporary_contract,Temporary contract rate,percentage points,9,7.733333333333334,24.537037037037035,58.52638888888888,50.793055555555554,
1995-2007,1997,2007,Czechia,CZ,CZE,CZE,0,temporary_contract,Temporary contract rate,percentage points,11,10.682727272727275,18.382892857142856,29.808367346938773,19.238367346938777,
1995-2007,1995,2007,Denmark,DK,DNK,DNK,0,temporary_contract,Temporary contract rate,percentage points,13,10.864615384615385,19.570999999999998,20.911577380952384,10.187410714285715,
1995-2007,1998,2007,Estonia,EE,EST,EST,0,temporary_contract,Temporary contract rate,percentage points,10,2.6753928571428576,,1.7125000000000001,-0.4708333333333333,
1995-2007,1995,2007,Finland,FI,FIN,FIN,0,temporary_contract,Temporary contract rate,percentage points,13,19.563076923076924,26.993333333333332,36.47730769230769,16.91423076923077,
1995-2007,1995,2007,France,FR,FRA,FRA,0,temporary_contract,Temporary contract rate,percentage points,13,16.767692307692307,14.357499999999998,25.686730769230767,8.919038461538461,
1995-2007,1995,2007,Germany,DE,DEU,DEU,0,temporary_contract,Temporary contract rate,percentage points,13,15.624615384615385,16.227884615384614,19.852692307692305,4.228076923076923,
1995-2007,1995,2007,Greece,EL,GRC,GRC,0,temporary_contract,Temporary contract rate,percentage points,13,12.625384615384617,23.73754578754579,24.509999999999998,11.884615384615383,
1995-2007,2001,2007,Hungary,HU,HUN,HUN,0,temporary_contract,Temporary contract rate,percentage points,7,8.081428571428571,18.116666666666667,,,
1995-2007,1995,2007,Iceland,IS,ISL,ISL,0,temporary_contract,Temporary contract rate,percentage points,12,7.956279761904763,,,,
1995-2007,1998,2007,Ireland,IE,IRL,IRL,0,temporary_contract,Temporary contract rate,percentage points,9,5.6913888888888895,11.25,9.416428571428572,3.553214285714286,
1995-2007,2005,2007,Italy,IT,ITA,ITA,0,temporary_contract,Temporary contract rate,percentage points,3,15.69,17.525833333333335,16.43,0.739999999999999,
1995-2007,2004,2007,Latvia,LV,LVA,LVA,0,temporary_contract,Temporary contract rate,percentage points,4,8.125625,,,,
1995-2007,1998,2007,Lithuania,LT,LTU,LTU,0,temporary_contract,Temporary contract rate,percentage points,10,6.685305555555556,,,,
1995-2007,1996,2007,Luxembourg,LU,LUX,LUX,0,temporary_contract,Temporary contract rate,percentage points,12,6.890922619047618,6.045932539682539,8.331666666666667,0.18916666666666657,
1995-2007,2005,2007,Malta,MT,MLT,MLT,0,temporary_contract,Temporary contract rate,percentage points,3,4.762962962962963,,,,
1995-2007,1999,2007,Netherlands,NL,NLD,NLD,0,temporary_contract,Temporary contract rate,percentage points,9,15.529999999999998,23.23333333333333,35.08009259259259,19.55009259259259,
1995-2007,2006,2007,North Macedonia,MK,MKD,MKD,0,temporary_contract,Temporary contract rate,percentage points,2,14.2,,,,
1995-2007,1995,2007,Norway,NO,NOR,NOR,0,temporary_contract,Temporary contract rate,percentage points,13,11.976153846153846,13.30712454212454,20.55826923076923,8.582115384615385,
1995-2007,2004,2007,Poland,PL,POL,POL,0,temporary_contract,Temporary contract rate,percentage points,4,29.445,,56.10833333333333,26.618333333333336,
1995-2007,1999,2007,Portugal,PT,PRT,PRT,0,temporary_contract,Temporary contract rate,percentage points,9,21.26111111111111,46.092666666666666,53.533994708994705,32.27288359788359,
1995-2007,2004,2007,Romania,RO,ROU,ROU,0,temporary_contract,Temporary contract rate,percentage points,4,2.7145833333333336,,,,
1995-2007,2003,2007,Slovakia,SK,SVK,SVK,0,temporary_contract,Temporary contract rate,percentage points,5,6.694,,,,
1995-2007,2002,2007,Slovenia,SI,SVN,SVN,0,temporary_contract,Temporary contract rate,percentage points,6,21.42833333333333,,39.43888888888889,16.802222222222223,
1995-2007,1995,2007,Spain,ES,ESP,ESP,0,temporary_contract,Temporary contract rate,percentage points,13,32.97076923076923,50.54271062271062,57.43192307692308,24.46115384615384,
1995-2007,1997,2007,Sweden,SE,SWE,SWE,0,temporary_contract,Temporary contract rate,percentage points,11,18.172727272727276,20.641726190476188,32.16477272727273,13.992045454545456,
1995-2007,1996,2007,Switzerland,CH,CHE,CHE,0,temporary_contract,Temporary contract rate,percentage points,12,13.799166666666666,14.55904761904762,19.085416666666667,5.28625,
1995-2007,1995,2007,United Kingdom,UK,GBR,GBR,0,temporary_contract,Temporary contract rate,percentage points,13,6.613846153846154,14.004487179487178,16.535943223443226,9.92209706959707,
2008-2013,2008,2013,Austria,AT,AUT,AUT,0,brain_waste,Highly educated employment rate,percentage points,6,78.0537037037037,78.14479166666666,62.99555555555556,-15.058148148148149,
2008-2013,2008,2013,Belgium,BE,BEL,BEL,0,brain_waste,Highly educated employment rate,percentage points,6,73.66296296296296,74.50882352941177,58.18694444444444,-15.47601851851852,
2008-2013,2008,2013,Bulgaria,BG,BGR,BGR,0,brain_waste,Highly educated employment rate,percentage points,6,74.60833333333333,,,,
2008-2013,2008,2013,Croatia,HR,HRV,HRV,0,brain_waste,Highly educated employment rate,percentage points,6,69.95185185185186,75.84285714285714,86.05,15.688888888888883,
2008-2013,2008,2013,Cyprus,CY,CYP,CYP,0,brain_waste,Highly educated employment rate,percentage points,6,78.03055555555555,73.57064950980393,60.21587009803921,-17.814685457516337,
2008-2013,2008,2013,Czechia,CZ,CZE,CZE,0,brain_waste,Highly educated employment rate,percentage points,6,75.5537037037037,84.53289624183006,79.16333333333334,3.6096296296296324,
2008-2013,2008,2013,Denmark,DK,DNK,DNK,0,brain_waste,Highly educated employment rate,percentage points,6,78.55555555555556,79.28055555555557,69.2318253968254,-9.323730158730157,
2008-2013,2008,2013,Estonia,EE,EST,EST,0,brain_waste,Highly educated employment rate,percentage points,6,77.9537037037037,70.49375,70.44601715686274,-7.507686546840952,
2008-2013,2008,2013,Finland,FI,FIN,FIN,0,brain_waste,Highly educated employment rate,percentage points,6,77.64444444444443,79.2144696969697,57.67777777777778,-19.966666666666658,
2008-2013,2008,2013,France,FR,FRA,FRA,0,brain_waste,Highly educated employment rate,percentage points,6,73.40462962962964,71.21027369281045,58.4597903050109,-14.944839324618735,
2008-2013,2008,2013,Germany,DE,DEU,DEU,0,brain_waste,Highly educated employment rate,percentage points,6,79.47407407407407,75.8255991285403,62.150054466230934,-17.32401960784313,
2008-2013,2008,2013,Greece,EL,GRC,GRC,0,brain_waste,Highly educated employment rate,percentage points,6,68.45,63.84375,60.898958333333326,-7.55104166666667,
2008-2013,2008,2013,Hungary,HU,HUN,HUN,0,brain_waste,Highly educated employment rate,percentage points,6,71.36944444444444,78.25916666666666,70.30002645502645,-1.069417989417983,
2008-2013,2008,2013,Iceland,IS,ISL,ISL,0,brain_waste,Highly educated employment rate,percentage points,6,87.22047930283225,84.71,84.7118888888889,-2.7491568627450933,
2008-2013,2008,2013,Ireland,IE,IRL,IRL,0,brain_waste,Highly educated employment rate,percentage points,6,75.7675925925926,75.11648692810458,69.33149509803923,-6.436097494553377,
2008-2013,2008,2013,Italy,IT,ITA,ITA,0,brain_waste,Highly educated employment rate,percentage points,6,71.02314814814815,72.42083333333333,69.35729166666667,-1.665856481481485,
2008-2013,2008,2013,Latvia,LV,LVA,LVA,0,brain_waste,Highly educated employment rate,percentage points,6,80.52777777777777,,68.1826593137255,-12.345118464052286,
2008-2013,2008,2013,Lithuania,LT,LTU,LTU,0,brain_waste,Highly educated employment rate,percentage points,6,79.35833333333333,,67.78571428571429,-12.26428571428572,
2008-2013,2008,2013,Luxembourg,LU,LUX,LUX,0,brain_waste,Highly educated employment rate,percentage points,6,75.73720043572985,80.24417892156863,71.34270833333333,-4.394492102396517,
2008-2013,2008,2013,Malta,MT,MLT,MLT,0,brain_waste,Highly educated employment rate,percentage points,6,79.18714596949891,75.33047619047619,72.11902356902358,-7.068122400475343,
2008-2013,2011,2013,Montenegro,ME,MNE,MNE,0,brain_waste,Highly educated employment rate,percentage points,3,73.88431372549019,,57.9425925925926,-15.941721132897603,
2008-2013,2008,2013,Netherlands,NL,NLD,NLD,0,brain_waste,Highly educated employment rate,percentage points,6,79.2,80.24558823529412,65.39375,-13.80625,
2008-2013,2008,2013,North Macedonia,MK,MKD,MKD,0,brain_waste,Highly educated employment rate,percentage points,6,67.0564814814815,,,,
2008-2013,2008,2013,Norway,NO,NOR,NOR,0,brain_waste,Highly educated employment rate,percentage points,6,84.51851851851852,87.19973447712418,73.69129901960785,-10.827219498910678,
2008-2013,2008,2013,Poland,PL,POL,POL,0,brain_waste,Highly educated employment rate,percentage points,6,73.94722222222222,94.92777777777778,72.63685185185184,-1.310370370370374,
2008-2013,2008,2013,Portugal,PT,PRT,PRT,0,brain_waste,Highly educated employment rate,percentage points,6,73.99814814814815,80.99958333333333,70.06111111111112,-3.9370370370370416,
2008-2013,2008,2013,Romania,RO,ROU,ROU,0,brain_waste,Highly educated employment rate,percentage points,6,74.1351851851852,,,,
2008-2013,2010,2013,Serbia,RS,SRB,SRB,0,brain_waste,Highly educated employment rate,percentage points,4,59.40416666666667,,,,
2008-2013,2008,2013,Slovakia,SK,SVK,SVK,0,brain_waste,Highly educated employment rate,percentage points,6,71.95833333333333,,,,
2008-2013,2008,2013,Slovenia,SI,SVN,SVN,0,brain_waste,Highly educated employment rate,percentage points,6,75.66388888888889,78.648,64.07555555555555,-11.318888888888884,
2008-2013,2008,2013,Spain,ES,ESP,ESP,0,brain_waste,Highly educated employment rate,percentage points,6,71.79444444444444,63.09722222222222,57.45261437908497,-14.341830065359474,
2008-2013,2008,2013,Sweden,SE,SWE,SWE,0,brain_waste,Highly educated employment rate,percentage points,6,81.47962962962963,82.33915441176471,61.71776960784314,-19.761860021786493,
2008-2013,2008,2013,Switzerland,CH,CHE,CHE,0,brain_waste,Highly educated employment rate,percentage points,6,82.86203703703704,79.6388888888889,68.99761029411765,-13.864426742919393,
2008-2013,2008,2013,United Kingdom,UK,GBR,GBR,0,brain_waste,Highly educated employment rate,percentage points,6,79.97962962962963,79.04248366013071,71.43823529411765,-8.54139433551198,
2008-2013,2008,2013,Albania,AL,ALB,ALB,0,incarceration,Foreign prison-population representation,%,6,82.85067103745074,,1.03860922031884,-81.8120618171319,0.012398383788429132
2008-2013,2008,2013,Austria,AT,AUT,AUT,0,incarceration,Foreign prison-population representation,%,6,52.807512415777325,,45.835002872083265,-5.61499666162007,0.8950173735353483
2008-2013,2008,2013,Belgium,BE,BEL,BEL,0,incarceration,Foreign prison-population representation,%,6,56.77546010254969,,43.12530579314157,-13.650154309408114,0.7601867666273
2008-2013,2010,2013,Bosnia and Herzegovina,BA,BIH,BIH,0,incarceration,Foreign prison-population representation,%,3,92.31036543983102,,1.7227368265854341,-90.58762861324557,0.018221107109136766
2008-2013,2008,2013,Bulgaria,BG,BGR,BGR,0,incarceration,Foreign prison-population representation,%,6,98.0155012595922,,1.9844821055802007,-96.03101915401199,0.020265010288813366
2008-2013,2008,2013,Croatia,HR,HRV,HRV,0,incarceration,Foreign prison-population representation,%,6,,,5.769076454785399,,
2008-2013,2008,2013,Cyprus,CY,CYP,CYP,0,incarceration,Foreign prison-population representation,%,6,42.61354224441041,,57.38667802475851,14.773135780348094,1.3498434261031587
2008-2013,2008,2013,Czechia,CZ,CZE,CZE,0,incarceration,Foreign prison-population representation,%,6,93.13111004835754,,6.868867568189105,-86.26224248016842,0.07423879419179058
2008-2013,2008,2013,Denmark,DK,DNK,DNK,0,incarceration,Foreign prison-population representation,%,6,76.66477063831488,,23.33522936168511,-53.329541276629776,0.3054022749707767
2008-2013,2008,2013,Estonia,EE,EST,EST,0,incarceration,Foreign prison-population representation,%,6,61.69847634788412,,33.22153471078218,-22.735272670080064,0.6318243228067677
2008-2013,2008,2013,Finland,FI,FIN,FIN,0,incarceration,Foreign prison-population representation,%,6,87.97165622630979,,12.028343773690205,-75.9433124526196,0.1372954883322891
2008-2013,2008,2013,France,FR,FRA,FRA,0,incarceration,Foreign prison-population representation,%,6,80.53911633856453,,19.460880988321684,-61.078235350242835,0.24169472598912947
2008-2013,2008,2013,Greece,EL,GRC,GRC,0,incarceration,Foreign prison-population representation,%,6,42.002665095231215,,58.81193346914173,16.809268373910513,1.4315439316867185
2008-2013,2008,2013,Hungary,HU,HUN,HUN,0,incarceration,Foreign prison-population representation,%,6,96.37308238864019,,3.626919199677428,-92.74616318896277,0.03763547874140972
2008-2013,2008,2013,Iceland,IS,ISL,ISL,0,incarceration,Foreign prison-population representation,%,6,80.38664657167827,,19.61421846525882,-60.77242810641945,0.24541165924393757
2008-2013,2008,2013,Ireland,IE,IRL,IRL,0,incarceration,Foreign prison-population representation,%,6,80.23891600000509,,10.591559209282375,-69.64735679072271,0.13141917021519192
2008-2013,2008,2013,Italy,IT,ITA,ITA,0,incarceration,Foreign prison-population representation,%,6,63.79798921206035,,36.21701378495601,-27.58097542710433,0.5678785676172592
2008-2013,2011,2013,Kosovo,XK,XKX,XKX,0,incarceration,Foreign prison-population representation,%,3,94.41978200238259,,5.580217997617416,-88.83956400476518,0.05925693386282421
2008-2013,2008,2013,Latvia,LV,LVA,LVA,0,incarceration,Foreign prison-population representation,%,6,83.32718355765631,,1.2767250106788728,-82.05045854697744,0.01589958869521499
2008-2013,2008,2013,Liechtenstein,LI,LIE,LIE,0,incarceration,Foreign prison-population representation,%,6,19.316042252417482,,80.68395774758251,61.36791549516503,4.816645447252552
2008-2013,2008,2013,Lithuania,LT,LTU,LTU,0,incarceration,Foreign prison-population representation,%,6,98.72610150220923,,1.2738645080752367,-97.452236994134,0.012906270976240008
2008-2013,2008,2013,Luxembourg,LU,LUX,LUX,0,incarceration,Foreign prison-population representation,%,6,30.098907768775934,,69.90132389948941,39.80241613071346,2.3318252415523677
2008-2013,2008,2010,Malta,MT,MLT,MLT,0,incarceration,Foreign prison-population representation,%,3,,,38.58594998420272,,
2008-2013,2008,2013,Montenegro,ME,MNE,MNE,0,incarceration,Foreign prison-population representation,%,6,89.81310205945981,,10.142406038066438,-79.67069602139338,0.11895494498058849
2008-2013,2008,2013,Netherlands,NL,NLD,NLD,0,incarceration,Foreign prison-population representation,%,6,80.63526055227234,,19.364752471806828,-61.270508080465525,0.2401827299985899
2008-2013,2009,2009,North Macedonia,MK,MKD,MKD,0,incarceration,Foreign prison-population representation,%,1,,,,,0.023147821173811707
2008-2013,2012,2013,Norway,NO,NOR,NOR,0,incarceration,Foreign prison-population representation,%,2,68.28875194887227,,30.43343858577184,-37.855313363100436,0.44576849230846455
2008-2013,2008,2013,Poland,PL,POL,POL,0,incarceration,Foreign prison-population representation,%,6,99.33095700850356,,0.6690430470601822,-98.66191396144336,0.0067355351459087295
2008-2013,2008,2013,Portugal,PT,PRT,PRT,0,incarceration,Foreign prison-population representation,%,6,78.92803772341132,,19.522357877575036,-59.405679845836296,0.24743356828882176
2008-2013,2008,2013,Romania,RO,ROU,ROU,0,incarceration,Foreign prison-population representation,%,6,99.32909190588288,,0.6709085482736524,-98.65818335760922,0.006755039691696135
2008-2013,2008,2013,Serbia,RS,SRB,SRB,0,incarceration,Foreign prison-population representation,%,6,97.74707413255874,,2.2529258674412427,-95.49414826511752,0.023099361136210642
2008-2013,2008,2013,Slovakia,SK,SVK,SVK,0,incarceration,Foreign prison-population representation,%,6,98.11263729963646,,1.870762270696944,-96.22531283195637,0.01923665513315077
2008-2013,2008,2013,Slovenia,SI,SVN,SVN,0,incarceration,Foreign prison-population representation,%,6,89.04171552861442,,10.709784450450977,-78.08366480148457,0.12311382137548978
2008-2013,2008,2013,Spain,ES,ESP,ESP,0,incarceration,Foreign prison-population representation,%,6,65.55237193024557,,34.44763031933059,-31.10474161091497,0.5262793492577541
2008-2013,2012,2013,Sweden,SE,SWE,SWE,0,incarceration,Foreign prison-population representation,%,2,68.0549204087579,,31.9450795912421,-36.109840817515796,0.4694609607384981
2008-2013,2008,2013,Switzerland,CH,CHE,CHE,0,incarceration,Foreign prison-population representation,%,6,29.956997630025203,,70.04297311732728,40.08597548730208,2.3520714169682
2008-2013,2009,2013,Turkey,TR,TUR,TUR,0,incarceration,Foreign prison-population representation,%,5,98.16229966263782,,1.680707794782423,-96.4815918678554,0.017121929245327034
2008-2013,2008,2013,Austria,AT,AUT,AUT,0,poverty,Poverty risk rate,percentage points,6,16.13888888888889,33.733333333333334,37.64,21.686666666666664,
2008-2013,2008,2013,Belgium,BE,BEL,BEL,0,poverty,Poverty risk rate,percentage points,6,18.05,28.320000000000004,61.61333333333333,43.68666666666666,
2008-2013,2008,2013,Bulgaria,BG,BGR,BGR,0,poverty,Poverty risk rate,percentage points,6,44.65555555555556,,55.67333333333333,10.30666666666667,
2008-2013,2010,2013,Croatia,HR,HRV,HRV,0,poverty,Poverty risk rate,percentage points,4,30.891666666666666,,54.766666666666666,23.875000000000004,
2008-2013,2008,2013,Cyprus,CY,CYP,CYP,0,poverty,Poverty risk rate,percentage points,6,21.138888888888886,35.05333333333333,40.83333333333333,19.119999999999997,
2008-2013,2008,2013,Czechia,CZ,CZE,CZE,0,poverty,Poverty risk rate,percentage points,6,14.344444444444447,18.62666666666667,25.01333333333333,10.739999999999998,
2008-2013,2008,2013,Denmark,DK,DNK,DNK,0,poverty,Poverty risk rate,percentage points,6,17.961111111111112,29.793333333333333,43.08,24.826666666666668,
2008-2013,2008,2013,Estonia,EE,EST,EST,0,poverty,Poverty risk rate,percentage points,6,20.161111111111115,18.90666666666667,33.81333333333333,13.24,
2008-2013,2008,2013,Euro area aggregate,EA,EA,,1,poverty,Poverty risk rate,percentage points,6,21.038888888888888,30.74,48.973333333333336,27.74,
2008-2013,2008,2013,European Union aggregate,EU,EU,,1,poverty,Poverty risk rate,percentage points,6,22.88888888888889,28.226666666666667,46.44,23.413333333333334,
2008-2013,2008,2013,Finland,FI,FIN,FIN,0,poverty,Poverty risk rate,percentage points,6,16.644444444444442,22.013333333333332,45.053333333333335,28.366666666666664,
2008-2013,2008,2013,France,FR,FRA,FRA,0,poverty,Poverty risk rate,percentage points,6,17.38888888888889,19.986666666666668,54.633333333333326,37.14,
2008-2013,2008,2013,Germany,DE,DEU,DEU,0,poverty,Poverty risk rate,percentage points,6,20.622222222222224,21.706666666666663,37.94666666666667,17.326666666666668,
2008-2013,2008,2013,Greece,EL,GRC,GRC,0,poverty,Poverty risk rate,percentage points,6,29.338888888888892,47.43333333333334,60.45333333333333,30.48,
2008-2013,2008,2013,Hungary,HU,HUN,HUN,0,poverty,Poverty risk rate,percentage points,6,31.03888888888889,24.506666666666668,28.111111111111114,-3.6888888888888878,
2008-2013,2008,2013,Iceland,IS,ISL,ISL,0,poverty,Poverty risk rate,percentage points,6,12.055555555555555,24.993333333333332,24.246666666666663,11.926666666666668,
2008-2013,2008,2013,Ireland,IE,IRL,IRL,0,poverty,Poverty risk rate,percentage points,6,27.333333333333332,23.586666666666666,36.94,8.626666666666669,
2008-2013,2008,2013,Italy,IT,ITA,ITA,0,poverty,Poverty risk rate,percentage points,6,25.55,39.67333333333333,45.61333333333333,19.813333333333333,
2008-2013,2008,2013,Latvia,LV,LVA,LVA,0,poverty,Poverty risk rate,percentage points,6,33.638888888888886,40.48,44.66,9.973333333333333,
2008-2013,2008,2013,Lithuania,LT,LTU,LTU,0,poverty,Poverty risk rate,percentage points,6,30.438888888888894,,34.273333333333326,2.940000000000002,
2008-2013,2008,2013,Luxembourg,LU,LUX,LUX,0,poverty,Poverty risk rate,percentage points,6,12.244444444444445,20.48,38.05333333333333,25.406666666666666,
2008-2013,2008,2013,Malta,MT,MLT,MLT,0,poverty,Poverty risk rate,percentage points,6,19.955555555555556,17.880000000000003,27.406666666666666,7.0266666666666655,
2008-2013,2013,2013,Montenegro,ME,MNE,MNE,0,poverty,Poverty risk rate,percentage points,1,35.166666666666664,,,,
2008-2013,2008,2013,Netherlands,NL,NLD,NLD,0,poverty,Poverty risk rate,percentage points,6,15.572222222222223,17.013333333333332,29.55333333333333,13.86,
2008-2013,2010,2013,North Macedonia,MK,MKD,MKD,0,poverty,Poverty risk rate,percentage points,4,48.43333333333334,,65.05000000000001,16.616666666666667,
2008-2013,2008,2013,Norway,NO,NOR,NOR,0,poverty,Poverty risk rate,percentage points,6,14.177777777777777,18.213333333333335,39.440000000000005,25.266666666666666,
2008-2013,2008,2013,Poland,PL,POL,POL,0,poverty,Poverty risk rate,percentage points,6,27.405555555555555,,26.433333333333334,-0.05555555555555595,
2008-2013,2008,2013,Portugal,PT,PRT,PRT,0,poverty,Poverty risk rate,percentage points,6,24.36111111111111,26.72,42.04666666666667,17.666666666666668,
2008-2013,2008,2013,Romania,RO,ROU,ROU,0,poverty,Poverty risk rate,percentage points,6,40.52222222222222,,,,
2008-2013,2013,2013,Serbia,RS,SRB,SRB,0,poverty,Poverty risk rate,percentage points,1,,,42.76666666666667,,
2008-2013,2008,2013,Slovakia,SK,SVK,SVK,0,poverty,Poverty risk rate,percentage points,6,19.394444444444446,20.946666666666665,,,
2008-2013,2008,2013,Slovenia,SI,SVN,SVN,0,poverty,Poverty risk rate,percentage points,6,18.250000000000004,33.22,50.25333333333334,32.006666666666675,
2008-2013,2008,2013,Spain,ES,ESP,ESP,0,poverty,Poverty risk rate,percentage points,6,22.03888888888889,39.74666666666666,53.4,30.59333333333334,
2008-2013,2008,2013,Sweden,SE,SWE,SWE,0,poverty,Poverty risk rate,percentage points,6,15.555555555555557,31.779999999999994,54.82000000000001,39.13333333333334,
2008-2013,2008,2013,Switzerland,CH,CHE,CHE,0,poverty,Poverty risk rate,percentage points,6,13.08888888888889,13.98,28.446666666666665,15.366666666666665,
2008-2013,2008,2013,Turkey,TR,TUR,TUR,0,poverty,Poverty risk rate,percentage points,6,59.37222222222223,39.2,50.60833333333333,-7.541666666666665,
2008-2013,2008,2013,United Kingdom,UK,GBR,GBR,0,poverty,Poverty risk rate,percentage points,6,21.133333333333336,21.066666666666666,34.42666666666666,13.133333333333331,
2008-2013,2008,2013,Austria,AT,AUT,AUT,0,temporary_contract,Temporary contract rate,percentage points,6,10.540000000000001,14.28125,13.504761904761907,2.964761904761905,
2008-2013,2008,2013,Belgium,BE,BEL,BEL,0,temporary_contract,Temporary contract rate,percentage points,6,10.081666666666665,16.529166666666665,27.150000000000002,17.06833333333333,
2008-2013,2008,2013,Bulgaria,BG,BGR,BGR,0,temporary_contract,Temporary contract rate,percentage points,6,5.405,,,,
2008-2013,2008,2013,Croatia,HR,HRV,HRV,0,temporary_contract,Temporary contract rate,percentage points,6,15.843333333333334,,,,
2008-2013,2008,2013,Cyprus,CY,CYP,CYP,0,temporary_contract,Temporary contract rate,percentage points,6,9.238333333333333,8.20267857142857,68.925,59.68666666666667,
2008-2013,2008,2013,Czechia,CZ,CZE,CZE,0,temporary_contract,Temporary contract rate,percentage points,6,10.674999999999999,18.510006613756612,17.48531746031746,6.81031746031746,
2008-2013,2008,2013,Denmark,DK,DNK,DNK,0,temporary_contract,Temporary contract rate,percentage points,6,9.498333333333333,13.16388888888889,16.118650793650797,6.62031746031746,
2008-2013,2008,2013,Estonia,EE,EST,EST,0,temporary_contract,Temporary contract rate,percentage points,6,4.066388888888889,,5.5872222222222225,1.5208333333333333,
2008-2013,2008,2013,Finland,FI,FIN,FIN,0,temporary_contract,Temporary contract rate,percentage points,6,17.698333333333334,18.220833333333335,27.069880952380952,9.371547619047618,
2008-2013,2008,2013,France,FR,FRA,FRA,0,temporary_contract,Temporary contract rate,percentage points,6,18.758333333333336,16.91185185185185,27.778333333333332,9.020000000000001,
2008-2013,2008,2013,Germany,DE,DEU,DEU,0,temporary_contract,Temporary contract rate,percentage points,6,17.72,19.35,22.80333333333333,5.083333333333333,
2008-2013,2008,2013,Greece,EL,GRC,GRC,0,temporary_contract,Temporary contract rate,percentage points,6,12.088333333333333,24.707023809523804,21.68166666666666,9.593333333333334,
2008-2013,2008,2013,Hungary,HU,HUN,HUN,0,temporary_contract,Temporary contract rate,percentage points,6,10.660000000000002,14.9,,,
2008-2013,2008,2013,Iceland,IS,ISL,ISL,0,temporary_contract,Temporary contract rate,percentage points,6,13.266666666666666,10.65,,,
2008-2013,2008,2013,Ireland,IE,IRL,IRL,0,temporary_contract,Temporary contract rate,percentage points,6,11.69,10.264583333333333,14.670833333333333,2.980833333333333,
2008-2013,2008,2013,Italy,IT,ITA,ITA,0,temporary_contract,Temporary contract rate,percentage points,6,17.64,20.052083333333336,15.948333333333332,-1.6916666666666658,
2008-2013,2008,2013,Latvia,LV,LVA,LVA,0,temporary_contract,Temporary contract rate,percentage points,6,5.383333333333333,,6.0306944444444435,0.647361111111111,
2008-2013,2008,2013,Lithuania,LT,LTU,LTU,0,temporary_contract,Temporary contract rate,percentage points,6,3.2872619047619054,,,,
2008-2013,2008,2013,Luxembourg,LU,LUX,LUX,0,temporary_contract,Temporary contract rate,percentage points,6,11.734027777777778,11.516666666666666,11.252666666666666,-0.44816666666666727,
2008-2013,2008,2013,Malta,MT,MLT,MLT,0,temporary_contract,Temporary contract rate,percentage points,6,6.2337037037037035,,7.2,-0.6599999999999993,
2008-2013,2011,2013,Montenegro,ME,MNE,MNE,0,temporary_contract,Temporary contract rate,percentage points,3,25.894166666666667,,41.76666666666667,15.872500000000002,
2008-2013,2008,2013,Netherlands,NL,NLD,NLD,0,temporary_contract,Temporary contract rate,percentage points,6,20.108333333333334,29.614583333333332,37.731249999999996,17.62291666666667,
2008-2013,2008,2013,North Macedonia,MK,MKD,MKD,0,temporary_contract,Temporary contract rate,percentage points,6,16.923333333333332,,,,
2008-2013,2008,2013,Norway,NO,NOR,NOR,0,temporary_contract,Temporary contract rate,percentage points,6,9.526666666666666,9.95,20.415476190476188,10.888809523809522,
2008-2013,2008,2013,Poland,PL,POL,POL,0,temporary_contract,Temporary contract rate,percentage points,6,30.888333333333332,,44.955555555555556,13.922222222222226,
2008-2013,2008,2013,Portugal,PT,PRT,PRT,0,temporary_contract,Temporary contract rate,percentage points,6,24.883333333333336,35.84166666666667,50.32083333333333,25.4375,
2008-2013,2008,2013,Romania,RO,ROU,ROU,0,temporary_contract,Temporary contract rate,percentage points,6,1.8499999999999999,,,,
2008-2013,2010,2013,Serbia,RS,SRB,SRB,0,temporary_contract,Temporary contract rate,percentage points,4,17.43,,,,
2008-2013,2008,2013,Slovakia,SK,SVK,SVK,0,temporary_contract,Temporary contract rate,percentage points,6,7.118333333333335,,,,
2008-2013,2008,2013,Slovenia,SI,SVN,SVN,0,temporary_contract,Temporary contract rate,percentage points,6,23.141666666666662,33.633333333333326,39.896924603174604,16.755257936507938,
2008-2013,2008,2013,Spain,ES,ESP,ESP,0,temporary_contract,Temporary contract rate,percentage points,6,26.30333333333333,42.115,41.84,15.536666666666667,
2008-2013,2008,2013,Sweden,SE,SWE,SWE,0,temporary_contract,Temporary contract rate,percentage points,6,19.424999999999997,21.05047619047619,36.81444444444444,17.38944444444444,
2008-2013,2008,2013,Switzerland,CH,CHE,CHE,0,temporary_contract,Temporary contract rate,percentage points,6,15.310000000000002,13.958333333333336,18.211203703703703,2.9012037037037026,
2008-2013,2008,2013,United Kingdom,UK,GBR,GBR,0,temporary_contract,Temporary contract rate,percentage points,6,6.205000000000001,10.129259259259259,12.521527777777779,6.316527777777776,
2014-2019,2014,2019,Austria,AT,AUT,AUT,0,brain_waste,Highly educated employment rate,percentage points,6,78.14444444444445,78.3049019607843,63.003492647058835,-15.140951797385616,
2014-2019,2014,2019,Belgium,BE,BEL,BEL,0,brain_waste,Highly educated employment rate,percentage points,6,74.97685185185186,75.3742374727669,58.27708333333333,-16.69976851851852,
2014-2019,2014,2019,Bulgaria,BG,BGR,BGR,0,brain_waste,Highly educated employment rate,percentage points,6,76.54537037037038,,77.01,-0.237222222222222,
2014-2019,2014,2019,Croatia,HR,HRV,HRV,0,brain_waste,Highly educated employment rate,percentage points,6,70.89722222222223,85.17750000000001,,,
2014-2019,2014,2019,Cyprus,CY,CYP,CYP,0,brain_waste,Highly educated employment rate,percentage points,6,74.70833333333333,76.55,57.15921568627451,-17.549117647058825,
2014-2019,2014,2019,Czechia,CZ,CZE,CZE,0,brain_waste,Highly educated employment rate,percentage points,6,77.52685185185186,84.22542892156862,77.11237745098039,-0.4144744008714625,
2014-2019,2014,2019,Denmark,DK,DNK,DNK,0,brain_waste,Highly educated employment rate,percentage points,6,78.89537037037037,76.82724264705882,68.84583333333335,-10.049537037037036,
2014-2019,2014,2019,Estonia,EE,EST,EST,0,brain_waste,Highly educated employment rate,percentage points,6,81.84537037037036,78.69667378917379,71.58639705882354,-10.25897331154684,
2014-2019,2014,2019,Finland,FI,FIN,FIN,0,brain_waste,Highly educated employment rate,percentage points,6,77.075,77.34795482295482,59.166666666666664,-17.90833333333333,
2014-2019,2014,2019,France,FR,FRA,FRA,0,brain_waste,Highly educated employment rate,percentage points,6,75.05185185185185,72.84485294117647,57.491448801742926,-17.56040305010893,
2014-2019,2014,2019,Germany,DE,DEU,DEU,0,brain_waste,Highly educated employment rate,percentage points,6,81.22962962962963,77.89629629629628,61.85740740740741,-19.372222222222224,
2014-2019,2014,2019,Greece,EL,GRC,GRC,0,brain_waste,Highly educated employment rate,percentage points,6,63.38611111111112,54.6167361111111,51.775000000000006,-11.611111111111109,
2014-2019,2014,2019,Hungary,HU,HUN,HUN,0,brain_waste,Highly educated employment rate,percentage points,6,75.42962962962963,84.99049663299662,81.23030303030303,4.778914141414145,
2014-2019,2014,2019,Iceland,IS,ISL,ISL,0,brain_waste,Highly educated employment rate,percentage points,6,88.83703703703704,90.66111111111111,80.35870370370372,-8.47833333333333,
2014-2019,2014,2019,Ireland,IE,IRL,IRL,0,brain_waste,Highly educated employment rate,percentage points,6,77.18518518518519,79.19589460784313,68.39185049019608,-8.793334694989106,
2014-2019,2014,2019,Italy,IT,ITA,ITA,0,brain_waste,Highly educated employment rate,percentage points,6,72.27314814814815,71.93713235294116,63.26791938997821,-9.005228758169938,
2014-2019,2014,2019,Latvia,LV,LVA,LVA,0,brain_waste,Highly educated employment rate,percentage points,6,82.74722222222222,,68.80974264705883,-13.937479575163401,
2014-2019,2014,2019,Lithuania,LT,LTU,LTU,0,brain_waste,Highly educated employment rate,percentage points,6,82.52592592592593,91.0,77.28105413105412,-5.244871794871796,
2014-2019,2014,2019,Luxembourg,LU,LUX,LUX,0,brain_waste,Highly educated employment rate,percentage points,6,76.92494553376906,80.50588235294117,70.34166666666668,-6.583278867102396,
2014-2019,2014,2019,Malta,MT,MLT,MLT,0,brain_waste,Highly educated employment rate,percentage points,6,83.05277777777779,86.95777777777776,74.638125,-8.414652777777775,
2014-2019,2014,2019,Montenegro,ME,MNE,MNE,0,brain_waste,Highly educated employment rate,percentage points,6,73.12489106753814,,69.19375000000001,-3.931141067538128,
2014-2019,2014,2019,Netherlands,NL,NLD,NLD,0,brain_waste,Highly educated employment rate,percentage points,6,80.80462962962962,81.13253676470589,66.89577205882352,-13.908857570806099,
2014-2019,2014,2019,North Macedonia,MK,MKD,MKD,0,brain_waste,Highly educated employment rate,percentage points,6,68.78877995642702,,,,
2014-2019,2014,2019,Norway,NO,NOR,NOR,0,brain_waste,Highly educated employment rate,percentage points,6,82.89999999999999,86.0797998366013,73.26357142857142,-9.636428571428569,
2014-2019,2014,2019,Poland,PL,POL,POL,0,brain_waste,Highly educated employment rate,percentage points,6,77.4861111111111,84.94581228956228,73.86438034188033,-3.6217307692307776,
2014-2019,2014,2019,Portugal,PT,PRT,PRT,0,brain_waste,Highly educated employment rate,percentage points,6,76.33148148148149,78.73198653198654,64.4646103896104,-11.866871091871088,
2014-2019,2014,2019,Romania,RO,ROU,ROU,0,brain_waste,Highly educated employment rate,percentage points,6,76.53425925925926,,,,
2014-2019,2014,2019,Serbia,RS,SRB,SRB,0,brain_waste,Highly educated employment rate,percentage points,6,66.43333333333334,,52.54828571428571,-14.167269841269842,
2014-2019,2014,2019,Slovakia,SK,SVK,SVK,0,brain_waste,Highly educated employment rate,percentage points,6,71.8648148148148,83.375,,,
2014-2019,2014,2019,Slovenia,SI,SVN,SVN,0,brain_waste,Highly educated employment rate,percentage points,6,76.27962962962962,77.46555555555555,71.44373015873016,-4.835899470899467,
2014-2019,2014,2019,Spain,ES,ESP,ESP,0,brain_waste,Highly educated employment rate,percentage points,6,71.88518518518518,65.09074074074074,58.01895424836602,-13.86623093681917,
2014-2019,2014,2019,Sweden,SE,SWE,SWE,0,brain_waste,Highly educated employment rate,percentage points,6,82.9787037037037,81.33946759259258,62.808449074074076,-20.17025462962963,
2014-2019,2014,2019,Switzerland,CH,CHE,CHE,0,brain_waste,Highly educated employment rate,percentage points,6,82.95648148148148,80.64537037037037,63.681481481481484,-19.275000000000002,
2014-2019,2014,2019,United Kingdom,UK,GBR,GBR,0,brain_waste,Highly educated employment rate,percentage points,6,80.88796296296296,82.30462962962963,69.61203703703704,-11.275925925925923,
2014-2019,2014,2019,Albania,AL,ALB,ALB,0,incarceration,Foreign prison-population representation,%,6,98.26383987963584,,1.7361601203641694,-96.52767975927166,0.017675166083577568
2014-2019,2014,2019,Austria,AT,AUT,AUT,0,incarceration,Foreign prison-population representation,%,6,46.31326184281809,,53.686757169969525,7.373495327151435,1.1608400355015673
2014-2019,2015,2019,Belgium,BE,BEL,BEL,0,incarceration,Foreign prison-population representation,%,4,55.68287515388884,,44.13746574536683,-11.545409408522007,0.7926572652366521
2014-2019,2014,2019,Bosnia and Herzegovina,BA,BIH,BIH,0,incarceration,Foreign prison-population representation,%,6,98.41888590393897,,1.5811140960610377,-96.83777180787793,0.01607701428046324
2014-2019,2014,2019,Bulgaria,BG,BGR,BGR,0,incarceration,Foreign prison-population representation,%,6,97.27520595983488,,2.7248210131402004,-94.55038494669468,0.028026682729234434
2014-2019,2014,2019,Croatia,HR,HRV,HRV,0,incarceration,Foreign prison-population representation,%,6,91.42834787920559,,8.128484959051141,-83.29986292015444,0.08985226821959513
2014-2019,2014,2019,Cyprus,CY,CYP,CYP,0,incarceration,Foreign prison-population representation,%,6,59.400291391950084,,40.59997847663369,-18.800312915316397,0.707629455418374
2014-2019,2014,2019,Czechia,CZ,CZE,CZE,0,incarceration,Foreign prison-population representation,%,6,91.79216749719768,,8.207831566652052,-83.58433593054562,0.08942143760486171
2014-2019,2014,2019,Denmark,DK,DNK,DNK,0,incarceration,Foreign prison-population representation,%,6,71.85446051106327,,28.145546387249226,-43.70891412381403,0.39180572923588625
2014-2019,2014,2019,Estonia,EE,EST,EST,0,incarceration,Foreign prison-population representation,%,6,63.012515103943464,,36.987441288783344,-26.025073815160123,0.5889093654474481
2014-2019,2014,2019,Finland,FI,FIN,FIN,0,incarceration,Foreign prison-population representation,%,6,83.36068926386666,,16.63935943164965,-66.72132983221702,0.19974985579466673
2014-2019,2014,2019,France,FR,FRA,FRA,0,incarceration,Foreign prison-population representation,%,6,77.92387107370435,,22.070880094052843,-55.8529909796515,0.2834044252752243
2014-2019,2014,2019,Greece,EL,GRC,GRC,0,incarceration,Foreign prison-population representation,%,6,44.470649721591286,,55.52933309542783,11.058683373836539,1.2531948302856715
2014-2019,2014,2019,Hungary,HU,HUN,HUN,0,incarceration,Foreign prison-population representation,%,6,95.23515076813038,,4.764839169525405,-90.47031159860497,0.05005231344131123
2014-2019,2014,2019,Iceland,IS,ISL,ISL,0,incarceration,Foreign prison-population representation,%,6,79.46039683066365,,20.539788208981932,-58.920608621681716,0.26014269950265617
2014-2019,2014,2019,Ireland,IE,IRL,IRL,0,incarceration,Foreign prison-population representation,%,4,84.36603860212819,,11.841340638335579,-72.52469796379259,0.1407539993054767
2014-2019,2014,2019,Italy,IT,ITA,ITA,0,incarceration,Foreign prison-population representation,%,6,66.4612190429152,,33.538778283404106,-32.9224407595111,0.5048054081841844
2014-2019,2014,2019,Kosovo,XK,XKX,XKX,0,incarceration,Foreign prison-population representation,%,6,93.04353796016979,,5.981208124671114,-87.06232983549869,0.06446818646110557
2014-2019,2014,2019,Latvia,LV,LVA,LVA,0,incarceration,Foreign prison-population representation,%,6,97.60501566561793,,2.395020323806931,-95.209995341811,0.024564378754477117
2014-2019,2014,2019,Liechtenstein,LI,LIE,LIE,0,incarceration,Foreign prison-population representation,%,6,17.38145148777817,,82.61854851222184,65.23709702444366,4.943514609387094
2014-2019,2014,2019,Lithuania,LT,LTU,LTU,0,incarceration,Foreign prison-population representation,%,6,98.17489902334262,,1.8250823117228263,-96.3498167116198,0.018592469247543302
2014-2019,2014,2019,Luxembourg,LU,LUX,LUX,0,incarceration,Foreign prison-population representation,%,6,26.04337099814547,,73.95687478060451,47.913503782459024,2.8709562297377365
2014-2019,2015,2019,Malta,MT,MLT,MLT,0,incarceration,Foreign prison-population representation,%,5,44.774589359485304,,44.29665068770828,-11.406698624583447,0.8073551543808841
2014-2019,2014,2019,Montenegro,ME,MNE,MNE,0,incarceration,Foreign prison-population representation,%,6,79.41604027823277,,20.584214798778433,-58.83182547945433,0.2688952708079221
2014-2019,2014,2019,Netherlands,NL,NLD,NLD,0,incarceration,Foreign prison-population representation,%,6,81.42513205351474,,18.45600138811641,-62.969130665398346,0.2268359427443587
2014-2019,2016,2017,North Macedonia,MK,MKD,MKD,0,incarceration,Foreign prison-population representation,%,2,93.11708787590682,,6.882912124093181,-86.23417575181364,0.07468831654316094
2014-2019,2014,2019,Norway,NO,NOR,NOR,0,incarceration,Foreign prison-population representation,%,6,66.86629887192647,,31.6003059163867,-35.26599295553978,0.47303095261639533
2014-2019,2014,2019,Poland,PL,POL,POL,0,incarceration,Foreign prison-population representation,%,6,98.89325050281563,,1.1067515922053044,-97.78649891061032,0.011206763738385252
2014-2019,2014,2019,Portugal,PT,PRT,PRT,0,incarceration,Foreign prison-population representation,%,6,83.68180969122402,,16.31817763212366,-67.36363205910037,0.19515506539942476
2014-2019,2014,2019,Romania,RO,ROU,ROU,0,incarceration,Foreign prison-population representation,%,6,98.92220631415408,,1.077800757170553,-97.84440555698352,0.010897460692235315
2014-2019,2014,2019,Serbia,RS,SRB,SRB,0,incarceration,Foreign prison-population representation,%,6,96.81769091617439,,3.1823250603848052,-93.63536585578959,0.032874250191972265
2014-2019,2014,2019,Slovakia,SK,SVK,SVK,0,incarceration,Foreign prison-population representation,%,6,97.9428357691504,,2.0571797366727886,-95.88565603247763,0.021009086359970786
2014-2019,2014,2019,Slovenia,SI,SVN,SVN,0,incarceration,Foreign prison-population representation,%,5,87.51778573887388,,12.482202889982707,-75.03558284889118,0.14543401965800756
2014-2019,2014,2019,Spain,ES,ESP,ESP,0,incarceration,Foreign prison-population representation,%,6,71.26515324156429,,28.735420497343686,-42.5297327442206,0.4033879390173627
2014-2019,2014,2019,Sweden,SE,SWE,SWE,0,incarceration,Foreign prison-population representation,%,6,51.34210182694334,,22.153705646325662,-29.188396180617676,0.4314056278310204
2014-2019,2014,2019,Switzerland,CH,CHE,CHE,0,incarceration,Foreign prison-population representation,%,6,29.80211487006415,,70.19788512993586,40.3957702598717,2.3601070629041865
2014-2019,2014,2019,Turkey,TR,TUR,TUR,0,incarceration,Foreign prison-population representation,%,6,97.3927234398962,,2.607276560103798,-94.7854468797924,0.02680803042833951
2014-2019,2014,2014,Austria,AT,AUT,AUT,0,poverty,Poverty risk rate,percentage points,1,14.933333333333332,39.4,44.36666666666667,29.433333333333337,
2014-2019,2014,2014,Belgium,BE,BEL,BEL,0,poverty,Poverty risk rate,percentage points,1,18.099999999999998,29.766666666666666,68.83333333333333,50.733333333333334,
2014-2019,2014,2014,Bulgaria,BG,BGR,BGR,0,poverty,Poverty risk rate,percentage points,1,36.86666666666667,,38.5,1.6333333333333329,
2014-2019,2014,2014,Croatia,HR,HRV,HRV,0,poverty,Poverty risk rate,percentage points,1,29.133333333333336,,46.46666666666667,17.333333333333332,
2014-2019,2014,2014,Cyprus,CY,CYP,CYP,0,poverty,Poverty risk rate,percentage points,1,25.933333333333334,37.13333333333333,40.833333333333336,14.900000000000002,
2014-2019,2014,2014,Czechia,CZ,CZE,CZE,0,poverty,Poverty risk rate,percentage points,1,14.166666666666666,26.933333333333334,17.066666666666666,2.9000000000000004,
2014-2019,2014,2014,Denmark,DK,DNK,DNK,0,poverty,Poverty risk rate,percentage points,1,19.733333333333334,29.8,42.13333333333333,22.4,
2014-2019,2014,2014,Estonia,EE,EST,EST,0,poverty,Poverty risk rate,percentage points,1,22.233333333333334,17.5,39.4,17.166666666666664,
2014-2019,2014,2014,Euro area aggregate,EA,EA,,1,poverty,Poverty risk rate,percentage points,1,22.833333333333332,34.13333333333333,51.76666666666667,28.93333333333334,
2014-2019,2014,2014,European Union aggregate,EU,EU,,1,poverty,Poverty risk rate,percentage points,1,23.7,30.266666666666666,48.666666666666664,24.966666666666665,
2014-2019,2014,2014,Finland,FI,FIN,FIN,0,poverty,Poverty risk rate,percentage points,1,17.266666666666666,23.066666666666666,45.833333333333336,28.56666666666667,
2014-2019,2014,2014,France,FR,FRA,FRA,0,poverty,Poverty risk rate,percentage points,1,17.733333333333334,26.3,51.03333333333333,33.3,
2014-2019,2014,2014,Germany,DE,DEU,DEU,0,poverty,Poverty risk rate,percentage points,1,21.266666666666666,23.5,34.300000000000004,13.033333333333339,
2014-2019,2014,2014,Greece,EL,GRC,GRC,0,poverty,Poverty risk rate,percentage points,1,36.13333333333333,51.5,70.63333333333334,34.50000000000001,
2014-2019,2014,2014,Hungary,HU,HUN,HUN,0,poverty,Poverty risk rate,percentage points,1,31.400000000000002,24.266666666666666,,,
2014-2019,2014,2014,Iceland,IS,ISL,ISL,0,poverty,Poverty risk rate,percentage points,1,10.833333333333334,11.700000000000001,11.033333333333333,0.1999999999999993,
2014-2019,2014,2014,Ireland,IE,IRL,IRL,0,poverty,Poverty risk rate,percentage points,1,28.2,22.566666666666666,47.76666666666667,19.566666666666674,
2014-2019,2014,2014,Italy,IT,ITA,ITA,0,poverty,Poverty risk rate,percentage points,1,27.166666666666668,41.833333333333336,50.93333333333334,23.76666666666667,
2014-2019,2014,2014,Latvia,LV,LVA,LVA,0,poverty,Poverty risk rate,percentage points,1,29.066666666666666,13.5,39.6,10.533333333333335,
2014-2019,2014,2014,Lithuania,LT,LTU,LTU,0,poverty,Poverty risk rate,percentage points,1,25.933333333333334,,38.43333333333333,12.499999999999996,
2014-2019,2014,2014,Luxembourg,LU,LUX,LUX,0,poverty,Poverty risk rate,percentage points,1,13.233333333333334,22.866666666666664,35.766666666666666,22.53333333333333,
2014-2019,2014,2014,Malta,MT,MLT,MLT,0,poverty,Poverty risk rate,percentage points,1,21.633333333333336,18.333333333333332,30.53333333333333,8.899999999999995,
2014-2019,2014,2014,Montenegro,ME,MNE,MNE,0,poverty,Poverty risk rate,percentage points,1,36.5,,,,
2014-2019,2014,2014,Netherlands,NL,NLD,NLD,0,poverty,Poverty risk rate,percentage points,1,17.533333333333335,19.599999999999998,39.800000000000004,22.26666666666667,
2014-2019,2014,2014,North Macedonia,MK,MKD,MKD,0,poverty,Poverty risk rate,percentage points,1,42.666666666666664,,56.86666666666667,14.200000000000003,
2014-2019,2014,2014,Norway,NO,NOR,NOR,0,poverty,Poverty risk rate,percentage points,1,13.866666666666667,16.233333333333334,28.46666666666667,14.600000000000001,
2014-2019,2014,2014,Poland,PL,POL,POL,0,poverty,Poverty risk rate,percentage points,1,24.433333333333334,,10.733333333333334,-13.7,
2014-2019,2014,2014,Portugal,PT,PRT,PRT,0,poverty,Poverty risk rate,percentage points,1,27.266666666666666,28.8,50.699999999999996,23.43333333333333,
2014-2019,2014,2014,Romania,RO,ROU,ROU,0,poverty,Poverty risk rate,percentage points,1,38.26666666666667,,,,
2014-2019,2014,2014,Serbia,RS,SRB,SRB,0,poverty,Poverty risk rate,percentage points,1,43.43333333333334,64.06666666666666,46.800000000000004,3.366666666666667,
2014-2019,2014,2014,Slovakia,SK,SVK,SVK,0,poverty,Poverty risk rate,percentage points,1,17.733333333333334,28.666666666666668,,,
2014-2019,2014,2014,Slovenia,SI,SVN,SVN,0,poverty,Poverty risk rate,percentage points,1,20.1,35.5,52.53333333333333,32.43333333333333,
2014-2019,2014,2014,Spain,ES,ESP,ESP,0,poverty,Poverty risk rate,percentage points,1,27.833333333333332,48.6,60.4,32.56666666666666,
2014-2019,2014,2014,Sweden,SE,SWE,SWE,0,poverty,Poverty risk rate,percentage points,1,15.833333333333334,31.266666666666666,54.5,38.666666666666664,
2014-2019,2014,2014,Switzerland,CH,CHE,CHE,0,poverty,Poverty risk rate,percentage points,1,12.966666666666667,16.766666666666666,22.7,9.733333333333333,
2014-2019,2014,2014,Turkey,TR,TUR,TUR,0,poverty,Poverty risk rate,percentage points,1,38.86666666666667,9.833333333333334,33.333333333333336,-5.533333333333331,
2014-2019,2014,2014,United Kingdom,UK,GBR,GBR,0,poverty,Poverty risk rate,percentage points,1,22.166666666666668,22.400000000000002,34.666666666666664,12.499999999999996,
2014-2019,2014,2019,Austria,AT,AUT,AUT,0,temporary_contract,Temporary contract rate,percentage points,6,10.633333333333333,12.779166666666667,13.637500000000001,3.004166666666667,
2014-2019,2014,2019,Belgium,BE,BEL,BEL,0,temporary_contract,Temporary contract rate,percentage points,6,12.493333333333334,18.325000000000003,30.60833333333333,18.115,
2014-2019,2014,2019,Bulgaria,BG,BGR,BGR,0,temporary_contract,Temporary contract rate,percentage points,6,5.416666666666667,,,,
2014-2019,2014,2019,Croatia,HR,HRV,HRV,0,temporary_contract,Temporary contract rate,percentage points,6,24.218333333333334,,49.6375,23.982500000000005,
2014-2019,2014,2019,Cyprus,CY,CYP,CYP,0,temporary_contract,Temporary contract rate,percentage points,6,12.600000000000001,14.628306878306878,63.82541666666666,51.22541666666667,
2014-2019,2014,2019,Czechia,CZ,CZE,CZE,0,temporary_contract,Temporary contract rate,percentage points,6,12.043333333333335,16.328035714285715,17.561223544973547,5.5178902116402115,
2014-2019,2014,2019,Denmark,DK,DNK,DNK,0,temporary_contract,Temporary contract rate,percentage points,6,12.125,16.59781746031746,18.945833333333333,6.820833333333333,
2014-2019,2014,2019,Estonia,EE,EST,EST,0,temporary_contract,Temporary contract rate,percentage points,6,4.084629629629629,,4.968333333333333,0.8837037037037038,
2014-2019,2014,2019,Finland,FI,FIN,FIN,0,temporary_contract,Temporary contract rate,percentage points,6,18.320000000000004,17.468333333333334,26.706349206349206,8.386349206349207,
2014-2019,2014,2019,France,FR,FRA,FRA,0,temporary_contract,Temporary contract rate,percentage points,6,20.03833333333333,21.37166666666667,31.39833333333333,11.36,
2014-2019,2014,2019,Germany,DE,DEU,DEU,0,temporary_contract,Temporary contract rate,percentage points,6,16.14,19.303333333333338,23.698333333333334,7.558333333333334,
2014-2019,2014,2019,Greece,EL,GRC,GRC,0,temporary_contract,Temporary contract rate,percentage points,6,13.346666666666666,24.622222222222224,22.02462962962963,8.677962962962964,
2014-2019,2014,2019,Hungary,HU,HUN,HUN,0,temporary_contract,Temporary contract rate,percentage points,6,10.326666666666668,17.5,,,
2014-2019,2014,2019,Iceland,IS,ISL,ISL,0,temporary_contract,Temporary contract rate,percentage points,6,12.146666666666668,8.927083333333332,32.375,20.695,
2014-2019,2014,2019,Ireland,IE,IRL,IRL,0,temporary_contract,Temporary contract rate,percentage points,6,11.826666666666668,8.20625,13.548015873015872,1.7213492063492069,
2014-2019,2014,2019,Italy,IT,ITA,ITA,0,temporary_contract,Temporary contract rate,percentage points,6,21.430000000000003,23.668333333333333,21.575000000000003,0.14500000000000077,
2014-2019,2014,2019,Latvia,LV,LVA,LVA,0,temporary_contract,Temporary contract rate,percentage points,6,3.756666666666666,,3.529166666666667,-0.22749999999999967,
2014-2019,2014,2019,Lithuania,LT,LTU,LTU,0,temporary_contract,Temporary contract rate,percentage points,6,2.4516666666666667,,,,
2014-2019,2014,2019,Luxembourg,LU,LUX,LUX,0,temporary_contract,Temporary contract rate,percentage points,6,13.310535714285715,14.445,21.700000000000003,8.389464285714284,
2014-2019,2014,2019,Malta,MT,MLT,MLT,0,temporary_contract,Temporary contract rate,percentage points,6,7.358333333333333,11.889357142857143,11.992777777777777,4.634444444444444,
2014-2019,2014,2019,Montenegro,ME,MNE,MNE,0,temporary_contract,Temporary contract rate,percentage points,6,34.51833333333333,,55.57666666666666,21.058333333333334,
2014-2019,2014,2019,Netherlands,NL,NLD,NLD,0,temporary_contract,Temporary contract rate,percentage points,6,22.235,31.68541666666667,37.45935185185185,15.224351851851852,
2014-2019,2014,2019,North Macedonia,MK,MKD,MKD,0,temporary_contract,Temporary contract rate,percentage points,6,16.37666666666667,,,,
2014-2019,2014,2019,Norway,NO,NOR,NOR,0,temporary_contract,Temporary contract rate,percentage points,6,9.468333333333332,10.380833333333333,20.446944444444444,10.978611111111112,
2014-2019,2014,2019,Poland,PL,POL,POL,0,temporary_contract,Temporary contract rate,percentage points,6,30.400000000000002,,55.74652777777778,25.346527777777776,
2014-2019,2014,2019,Portugal,PT,PRT,PRT,0,temporary_contract,Temporary contract rate,percentage points,6,26.96166666666667,34.46666666666667,47.46309523809524,20.501428571428573,
2014-2019,2014,2019,Romania,RO,ROU,ROU,0,temporary_contract,Temporary contract rate,percentage points,6,1.986527777777778,,,,
2014-2019,2014,2019,Serbia,RS,SRB,SRB,0,temporary_contract,Temporary contract rate,percentage points,6,26.804999999999996,,,,
2014-2019,2014,2019,Slovakia,SK,SVK,SVK,0,temporary_contract,Temporary contract rate,percentage points,6,10.979999999999999,,,,
2014-2019,2014,2019,Slovenia,SI,SVN,SVN,0,temporary_contract,Temporary contract rate,percentage points,6,22.895,26.109166666666667,34.36041666666667,11.465416666666668,
2014-2019,2014,2019,Spain,ES,ESP,ESP,0,temporary_contract,Temporary contract rate,percentage points,6,30.350000000000005,36.81666666666666,42.25,11.899999999999999,
2014-2019,2014,2019,Sweden,SE,SWE,SWE,0,temporary_contract,Temporary contract rate,percentage points,6,19.093333333333334,24.80142857142857,42.03333333333334,22.939999999999998,
2014-2019,2014,2019,Switzerland,CH,CHE,CHE,0,temporary_contract,Temporary contract rate,percentage points,6,15.191666666666665,16.171666666666667,19.710185185185185,4.518518518518519,
2014-2019,2014,2019,United Kingdom,UK,GBR,GBR,0,temporary_contract,Temporary contract rate,percentage points,6,6.146666666666666,9.173333333333334,11.936296296296296,5.78962962962963,
2020-2024,2020,2024,Austria,AT,AUT,AUT,0,brain_waste,Highly educated employment rate,percentage points,5,79.41555555555556,79.43790849673204,63.66801470588236,-15.747540849673204,
2020-2024,2020,2024,Belgium,BE,BEL,BEL,0,brain_waste,Highly educated employment rate,percentage points,5,77.09222222222222,78.55169934640523,59.95375,-17.138472222222227,
2020-2024,2021,2024,Bosnia and Herzegovina,BA,BIH,BIH,0,brain_waste,Highly educated employment rate,percentage points,4,70.66666666666667,,,,
2020-2024,2020,2024,Bulgaria,BG,BGR,BGR,0,brain_waste,Highly educated employment rate,percentage points,5,80.40666666666667,,,,
2020-2024,2020,2024,Croatia,HR,HRV,HRV,0,brain_waste,Highly educated employment rate,percentage points,5,75.47555555555554,85.56977272727272,72.24880952380953,-4.049338624338621,
2020-2024,2020,2024,Cyprus,CY,CYP,CYP,0,brain_waste,Highly educated employment rate,percentage points,5,79.71444444444444,81.64748366013073,61.980261437908496,-17.73418300653595,
2020-2024,2020,2024,Czechia,CZ,CZE,CZE,0,brain_waste,Highly educated employment rate,percentage points,5,79.2511111111111,87.3120588235294,79.80647058823529,0.5553594771241877,
2020-2024,2020,2020,Denmark,DK,DNK,DNK,0,brain_waste,Highly educated employment rate,percentage points,1,79.41111111111111,82.10625,72.375,-7.036111111111111,
2020-2024,2020,2024,Estonia,EE,EST,EST,0,brain_waste,Highly educated employment rate,percentage points,5,83.27000000000001,84.48394993894995,69.75529411764705,-13.514705882352938,
2020-2024,2020,2024,Finland,FI,FIN,FIN,0,brain_waste,Highly educated employment rate,percentage points,5,79.31444444444443,80.77723809523809,72.28666666666666,-7.027777777777777,
2020-2024,2020,2024,France,FR,FRA,FRA,0,brain_waste,Highly educated employment rate,percentage points,5,77.41777777777779,75.92736111111111,61.809673202614384,-15.608104575163395,
2020-2024,2020,2024,Germany,DE,DEU,DEU,0,brain_waste,Highly educated employment rate,percentage points,5,81.62222222222222,79.67333333333332,62.35716503267973,-19.265057189542482,
2020-2024,2020,2024,Greece,EL,GRC,GRC,0,brain_waste,Highly educated employment rate,percentage points,5,70.06444444444445,60.55073809523809,54.70375,-15.360694444444452,
2020-2024,2020,2024,Hungary,HU,HUN,HUN,0,brain_waste,Highly educated employment rate,percentage points,5,80.7488888888889,87.78166666666667,75.79166666666666,-4.957222222222219,
2020-2024,2020,2024,Iceland,IS,ISL,ISL,0,brain_waste,Highly educated employment rate,percentage points,5,85.94444444444443,86.20980952380953,79.506,-6.438444444444437,
2020-2024,2020,2024,Ireland,IE,IRL,IRL,0,brain_waste,Highly educated employment rate,percentage points,5,80.3477777777778,83.86083333333333,76.19110294117647,-4.156674836601309,
2020-2024,2020,2024,Italy,IT,ITA,ITA,0,brain_waste,Highly educated employment rate,percentage points,5,74.88666666666667,68.95529411764707,61.55725490196079,-13.329411764705885,
2020-2024,2020,2024,Latvia,LV,LVA,LVA,0,brain_waste,Highly educated employment rate,percentage points,5,81.35111111111111,89.10833333333333,66.68588235294118,-14.665228758169931,
2020-2024,2020,2024,Lithuania,LT,LTU,LTU,0,brain_waste,Highly educated employment rate,percentage points,5,82.14444444444443,93.40436507936508,77.79138095238095,-4.353063492063493,
2020-2024,2020,2024,Luxembourg,LU,LUX,LUX,0,brain_waste,Highly educated employment rate,percentage points,5,75.94758169934642,80.46614379084967,71.31066666666666,-4.636915032679747,
2020-2024,2020,2020,Malta,MT,MLT,MLT,0,brain_waste,Highly educated employment rate,percentage points,1,84.38888888888889,94.7375,70.35882352941177,-14.03006535947712,
2020-2024,2020,2020,Montenegro,ME,MNE,MNE,0,brain_waste,Highly educated employment rate,percentage points,1,69.66666666666667,,,,
2020-2024,2020,2024,Netherlands,NL,NLD,NLD,0,brain_waste,Highly educated employment rate,percentage points,5,82.24666666666667,81.6264297385621,65.01888888888888,-17.227777777777774,
2020-2024,2020,2024,North Macedonia,MK,MKD,MKD,0,brain_waste,Highly educated employment rate,percentage points,5,73.07333333333334,88.63737373737375,73.2943465909091,-0.12093118686868465,
2020-2024,2020,2024,Norway,NO,NOR,NOR,0,brain_waste,Highly educated employment rate,percentage points,5,82.44666666666667,86.00999999999999,73.49246153846154,-8.954205128205123,
2020-2024,2020,2024,Poland,PL,POL,POL,0,brain_waste,Highly educated employment rate,percentage points,5,80.64222222222222,92.25555555555556,84.08504761904761,3.4428253968253983,
2020-2024,2020,2024,Portugal,PT,PRT,PRT,0,brain_waste,Highly educated employment rate,percentage points,5,80.86444444444444,86.18415384615386,72.11208333333335,-8.752361111111114,
2020-2024,2020,2024,Romania,RO,ROU,ROU,0,brain_waste,Highly educated employment rate,percentage points,5,79.52111111111111,,72.55,-7.450000000000003,
2020-2024,2020,2024,Serbia,RS,SRB,SRB,0,brain_waste,Highly educated employment rate,percentage points,5,73.56888888888889,97.34,69.31560606060606,-4.956616161616161,
2020-2024,2020,2024,Slovakia,SK,SVK,SVK,0,brain_waste,Highly educated employment rate,percentage points,5,77.63333333333334,,,,
2020-2024,2020,2024,Slovenia,SI,SVN,SVN,0,brain_waste,Highly educated employment rate,percentage points,5,80.4888888888889,86.55833333333332,72.98499999999999,-7.503888888888895,
2020-2024,2020,2024,Spain,ES,ESP,ESP,0,brain_waste,Highly educated employment rate,percentage points,5,74.53333333333333,68.39111111111112,59.601111111111116,-14.932222222222219,
2020-2024,2020,2024,Sweden,SE,SWE,SWE,0,brain_waste,Highly educated employment rate,percentage points,5,81.58888888888887,85.665,68.98308333333333,-12.605805555555554,
2020-2024,2020,2024,Switzerland,CH,CHE,CHE,0,brain_waste,Highly educated employment rate,percentage points,5,82.73222222222223,81.05666666666666,65.26738562091504,-17.46483660130719,
2020-2024,2020,2024,Albania,AL,ALB,ALB,0,incarceration,Foreign prison-population representation,%,5,97.47974703854906,,2.5202529614509257,-94.95949407709816,0.025861227892189483
2020-2024,2020,2024,Austria,AT,AUT,AUT,0,incarceration,Foreign prison-population representation,%,5,48.52372063579156,,51.47627936420844,2.9525587284168693,1.0625490842753949
2020-2024,2020,2024,Belgium,BE,BEL,BEL,0,incarceration,Foreign prison-population representation,%,5,55.878890899350594,,44.02570352277978,-11.853187376570826,0.7884106765787424
2020-2024,2020,2024,Bosnia and Herzegovina,BA,BIH,BIH,0,incarceration,Foreign prison-population representation,%,5,72.12132910780886,,2.5768002560636374,-69.54452885174524,0.034864106378623916
2020-2024,2020,2024,Bulgaria,BG,BGR,BGR,0,incarceration,Foreign prison-population representation,%,5,97.26301465974193,,2.737052521246372,-94.52596213849556,0.028149717067455636
2020-2024,2020,2024,Croatia,HR,HRV,HRV,0,incarceration,Foreign prison-population representation,%,5,85.53118857700625,,14.468806832748436,-71.06238174425778,0.17245279179321132
2020-2024,2020,2024,Cyprus,CY,CYP,CYP,0,incarceration,Foreign prison-population representation,%,5,47.62875591440229,,52.37143275772328,4.742676843320988,1.1186847167470009
2020-2024,2020,2024,Czechia,CZ,CZE,CZE,0,incarceration,Foreign prison-population representation,%,5,92.05717464051341,,7.942814643025057,-84.11435999748835,0.0862979426722598
2020-2024,2020,2024,Denmark,DK,DNK,DNK,0,incarceration,Foreign prison-population representation,%,5,73.45525665696697,,26.54474334303303,-46.91051331393395,0.3616576745867097
2020-2024,2020,2024,Estonia,EE,EST,EST,0,incarceration,Foreign prison-population representation,%,5,66.65410620802348,,33.49927028557504,-33.15483592244844,0.5026060603013474
2020-2024,2020,2024,Finland,FI,FIN,FIN,0,incarceration,Foreign prison-population representation,%,5,81.66917094985243,,18.33082905014758,-63.338341899704844,0.2261464260067835
2020-2024,2020,2024,France,FR,FRA,FRA,0,incarceration,Foreign prison-population representation,%,5,75.1606077368153,,24.839392263184713,-50.32121547363057,0.33049484388739964
2020-2024,2020,2024,Greece,EL,GRC,GRC,0,incarceration,Foreign prison-population representation,%,5,43.56008610966239,,56.43991389033761,12.879827780675223,1.305633436703046
2020-2024,2020,2024,Hungary,HU,HUN,HUN,0,incarceration,Foreign prison-population representation,%,5,91.79039959201882,,8.209612225888502,-83.5807873661303,0.09147604306283003
2020-2024,2020,2024,Iceland,IS,ISL,ISL,0,incarceration,Foreign prison-population representation,%,5,69.25320584472672,,30.747902188514274,-38.505303656212455,0.4607693395363503
2020-2024,2020,2024,Ireland,IE,IRL,IRL,0,incarceration,Foreign prison-population representation,%,5,84.46297484822972,,15.537070104419566,-68.92590474381015,0.18400459708601283
2020-2024,2020,2024,Italy,IT,ITA,ITA,0,incarceration,Foreign prison-population representation,%,5,68.05375279784452,,31.946240351866788,-36.10751244597774,0.4694706400897002
2020-2024,2020,2020,Kosovo,XK,XKX,XKX,0,incarceration,Foreign prison-population representation,%,1,92.69363032699599,,7.30636967300401,-85.38726065399197,0.07882278045675065
2020-2024,2020,2024,Latvia,LV,LVA,LVA,0,incarceration,Foreign prison-population representation,%,5,96.74936393393503,,2.879624109526186,-93.86973982440885,0.030065074636808832
2020-2024,2020,2024,Liechtenstein,LI,LIE,LIE,0,incarceration,Foreign prison-population representation,%,4,18.219828169734942,,81.78017183026505,63.56034366053011,7.663607983535653
2020-2024,2020,2024,Lithuania,LT,LTU,LTU,0,incarceration,Foreign prison-population representation,%,5,96.88321139121405,,3.1167461484651326,-93.76646524274891,0.03221150439690347
2020-2024,2020,2024,Luxembourg,LU,LUX,LUX,0,incarceration,Foreign prison-population representation,%,5,25.02246484394984,,74.97729662796587,49.95483178401604,3.021808920787014
2020-2024,2020,2024,Malta,MT,MLT,MLT,0,incarceration,Foreign prison-population representation,%,5,47.34190148450838,,52.65834978124284,5.316448296734467,1.134524046967921
2020-2024,2020,2024,Montenegro,ME,MNE,MNE,0,incarceration,Foreign prison-population representation,%,5,83.77635679622699,,16.22402043961056,-67.55233635661642,0.1938736735523599
2020-2024,2020,2024,Netherlands,NL,NLD,NLD,0,incarceration,Foreign prison-population representation,%,5,78.55419558043147,,21.44578672341329,-57.10840885701818,0.27317360054242945
2020-2024,2022,2024,North Macedonia,MK,MKD,MKD,0,incarceration,Foreign prison-population representation,%,3,91.59190701307897,,8.199944145938758,-83.39196286714021,0.09105394606391572
2020-2024,2020,2024,Norway,NO,NOR,NOR,0,incarceration,Foreign prison-population representation,%,5,73.75429191551368,,25.886583849100695,-47.86770806641299,0.35162541131277036
2020-2024,2020,2024,Poland,PL,POL,POL,0,incarceration,Foreign prison-population representation,%,5,97.27225675514396,,2.7277404847121334,-94.54451627043181,0.028084957764788154
2020-2024,2020,2024,Portugal,PT,PRT,PRT,0,incarceration,Foreign prison-population representation,%,5,84.21200286451992,,15.787981055931345,-68.42402180858856,0.1876712239757943
2020-2024,2020,2024,Romania,RO,ROU,ROU,0,incarceration,Foreign prison-population representation,%,5,98.94741533854418,,1.052576575763664,-97.8948387627805,0.01063793167269018
2020-2024,2020,2024,Serbia,RS,SRB,SRB,0,incarceration,Foreign prison-population representation,%,5,95.58849350897545,,4.411525164062455,-91.176968344913,0.04625821044038602
2020-2024,2020,2024,Slovakia,SK,SVK,SVK,0,incarceration,Foreign prison-population representation,%,5,96.48372680844457,,3.71954583318162,-92.76418097526293,0.038700545836294634
2020-2024,2020,2024,Slovenia,SI,SVN,SVN,0,incarceration,Foreign prison-population representation,%,5,65.66095324057514,,34.33904675942485,-31.32190648115029,0.544367699351763
2020-2024,2020,2024,Spain,ES,ESP,ESP,0,incarceration,Foreign prison-population representation,%,5,69.54040228589741,,30.45960108406688,-39.080801201830525,0.43855282183984096
2020-2024,2020,2024,Sweden,SE,SWE,SWE,0,incarceration,Foreign prison-population representation,%,5,71.46203809101536,,22.99865231281765,-48.463385778197704,0.3263015734093627
2020-2024,2020,2024,Switzerland,CH,CHE,CHE,0,incarceration,Foreign prison-population representation,%,5,29.492340564001687,,70.50769141123669,41.015350847235005,2.393433546217678
2020-2024,2020,2024,Turkey,TR,TUR,TUR,0,incarceration,Foreign prison-population representation,%,5,95.90410959856844,,4.09320357708438,-91.81090602148404,0.04268497297944458
2020-2024,2020,2024,Austria,AT,AUT,AUT,0,temporary_contract,Temporary contract rate,percentage points,5,10.308,13.2845,14.726111111111113,4.418111111111111,
2020-2024,2020,2024,Belgium,BE,BEL,BEL,0,temporary_contract,Temporary contract rate,percentage points,5,13.412,17.7575,29.330000000000002,15.918000000000001,
2020-2024,2021,2024,Bosnia and Herzegovina,BA,BIH,BIH,0,temporary_contract,Temporary contract rate,percentage points,4,14.642499999999998,,,,
2020-2024,2020,2024,Bulgaria,BG,BGR,BGR,0,temporary_contract,Temporary contract rate,percentage points,5,4.1499999999999995,,,,
2020-2024,2020,2024,Croatia,HR,HRV,HRV,0,temporary_contract,Temporary contract rate,percentage points,5,15.982,,27.775000000000002,12.91,
2020-2024,2020,2024,Cyprus,CY,CYP,CYP,0,temporary_contract,Temporary contract rate,percentage points,5,8.59,7.703174603174604,50.757999999999996,42.168,
2020-2024,2020,2024,Czechia,CZ,CZE,CZE,0,temporary_contract,Temporary contract rate,percentage points,5,9.408,15.958666666666668,19.381277777777775,9.973277777777778,
2020-2024,2020,2020,Denmark,DK,DNK,DNK,0,temporary_contract,Temporary contract rate,percentage points,1,12.8,15.566666666666668,19.3125,6.512499999999999,
2020-2024,2020,2024,Estonia,EE,EST,EST,0,temporary_contract,Temporary contract rate,percentage points,5,4.034666666666666,,3.17,-0.8646666666666667,
2020-2024,2020,2024,Finland,FI,FIN,FIN,0,temporary_contract,Temporary contract rate,percentage points,5,17.978,21.650928571428572,29.0,11.022000000000002,
2020-2024,2020,2024,France,FR,FRA,FRA,0,temporary_contract,Temporary contract rate,percentage points,5,18.974,20.954,29.156,10.181999999999999,
2020-2024,2020,2024,Germany,DE,DEU,DEU,0,temporary_contract,Temporary contract rate,percentage points,5,14.428,17.1725,23.878499999999995,9.4505,
2020-2024,2020,2024,Greece,EL,GRC,GRC,0,temporary_contract,Temporary contract rate,percentage points,5,11.304,25.611,24.010444444444442,12.706444444444447,
2020-2024,2020,2024,Hungary,HU,HUN,HUN,0,temporary_contract,Temporary contract rate,percentage points,5,6.319999999999999,,,,
2020-2024,2020,2024,Iceland,IS,ISL,ISL,0,temporary_contract,Temporary contract rate,percentage points,5,12.742,8.822916666666666,19.73125,6.208749999999999,
2020-2024,2020,2024,Ireland,IE,IRL,IRL,0,temporary_contract,Temporary contract rate,percentage points,5,10.809999999999999,4.9959999999999996,8.712619047619048,-2.097380952380952,
2020-2024,2020,2024,Italy,IT,ITA,ITA,0,temporary_contract,Temporary contract rate,percentage points,5,21.52,24.948,25.296000000000003,3.776000000000001,
2020-2024,2020,2024,Latvia,LV,LVA,LVA,0,temporary_contract,Temporary contract rate,percentage points,5,3.066,,3.0,0.01749999999999996,
2020-2024,2020,2024,Lithuania,LT,LTU,LTU,0,temporary_contract,Temporary contract rate,percentage points,5,2.2340000000000004,,,,
2020-2024,2020,2024,Luxembourg,LU,LUX,LUX,0,temporary_contract,Temporary contract rate,percentage points,5,12.656142857142857,12.120214285714287,13.87107142857143,1.2149285714285725,
2020-2024,2020,2020,Malta,MT,MLT,MLT,0,temporary_contract,Temporary contract rate,percentage points,1,6.01,22.771428571428572,18.228571428571428,12.218571428571428,
2020-2024,2020,2020,Montenegro,ME,MNE,MNE,0,temporary_contract,Temporary contract rate,percentage points,1,34.2,,42.53333333333333,8.333333333333329,
2020-2024,2020,2024,Netherlands,NL,NLD,NLD,0,temporary_contract,Temporary contract rate,percentage points,5,26.302,32.93599999999999,45.0095,18.707500000000003,
2020-2024,2020,2024,North Macedonia,MK,MKD,MKD,0,temporary_contract,Temporary contract rate,percentage points,5,19.839999999999996,39.16166666666667,22.5,2.5650000000000004,
2020-2024,2020,2024,Norway,NO,NOR,NOR,0,temporary_contract,Temporary contract rate,percentage points,5,9.302000000000001,8.165000000000001,22.735238095238095,13.433238095238096,
2020-2024,2020,2024,Poland,PL,POL,POL,0,temporary_contract,Temporary contract rate,percentage points,5,20.229999999999997,,40.4877380952381,20.257738095238093,
2020-2024,2020,2024,Portugal,PT,PRT,PRT,0,temporary_contract,Temporary contract rate,percentage points,5,21.822000000000003,21.008333333333333,44.7685,22.946499999999997,
2020-2024,2020,2024,Romania,RO,ROU,ROU,0,temporary_contract,Temporary contract rate,percentage points,5,2.74,,,,
2020-2024,2020,2024,Serbia,RS,SRB,SRB,0,temporary_contract,Temporary contract rate,percentage points,5,25.116,,52.97125,27.726249999999997,
2020-2024,2020,2024,Slovakia,SK,SVK,SVK,0,temporary_contract,Temporary contract rate,percentage points,5,6.850666666666666,,,,
2020-2024,2020,2024,Slovenia,SI,SVN,SVN,0,temporary_contract,Temporary contract rate,percentage points,5,17.046,15.05,22.552500000000002,5.506500000000001,
2020-2024,2020,2024,Spain,ES,ESP,ESP,0,temporary_contract,Temporary contract rate,percentage points,5,24.926,22.275999999999996,34.245999999999995,9.319999999999999,
2020-2024,2020,2024,Sweden,SE,SWE,SWE,0,temporary_contract,Temporary contract rate,percentage points,5,17.392000000000003,20.493928571428572,36.489,19.097,
2020-2024,2020,2024,Switzerland,CH,CHE,CHE,0,temporary_contract,Temporary contract rate,percentage points,5,15.894,16.432000000000002,21.478,5.584,
