period,year_start,year_end,country,country_code,country_key,iso3,is_aggregate,metric_key,metric_label,unit,years_observed,native_value,eu_migrant_value,extra_eu_migrant_value,gap_extra_eu_vs_native_pp,ratio_foreign_vs_native
1995-2007,1995,2007,Austria,AT,AUT,AUT,0,brain_waste,Highly educated employment rate,percentage points,13,76.79,79.48,74.67,-2.11,
1995-2007,1995,2007,Austria,AT,AUT,AUT,0,poverty,Poverty risk rate,percentage points,5,15.22,,,,
1995-2007,1995,2007,Austria,AT,AUT,AUT,0,temporary_contract,Temporary contract rate,percentage points,13,9.65,11.78,11.84,2.19,
1995-2007,1995,2007,Belgium,BE,BEL,BEL,0,brain_waste,Highly educated employment rate,percentage points,13,73.63,74.87,57.54,-16.09,
1995-2007,1995,2007,Belgium,BE,BEL,BEL,0,poverty,Poverty risk rate,percentage points,5,20.11,,,,
1995-2007,1995,2007,Belgium,BE,BEL,BEL,0,temporary_contract,Temporary contract rate,percentage points,13,9.58,13.38,16.95,7.37,
1995-2007,1995,2007,Bulgaria,BG,BGR,BGR,0,brain_waste,Highly educated employment rate,percentage points,7,69.98,,,,
1995-2007,1995,2007,Bulgaria,BG,BGR,BGR,0,poverty,Poverty risk rate,percentage points,2,59.25,,,,
1995-2007,1995,2007,Bulgaria,BG,BGR,BGR,0,temporary_contract,Temporary contract rate,percentage points,7,7.38,,,,
1995-2007,1995,2007,Switzerland,CH,CHE,CHE,0,brain_waste,Highly educated employment rate,percentage points,12,84.19,82.02,74.97,-9.22,
1995-2007,1995,2007,Switzerland,CH,CHE,CHE,0,poverty,Poverty risk rate,percentage points,1,13.93,,,,
1995-2007,1995,2007,Switzerland,CH,CHE,CHE,0,temporary_contract,Temporary contract rate,percentage points,12,13.8,14.56,19.09,5.29,
1995-2007,1995,2007,Cyprus,CY,CYP,CYP,0,brain_waste,Highly educated employment rate,percentage points,9,82.19,80.71,62.51,-19.67,
1995-2007,1995,2007,Cyprus,CY,CYP,CYP,0,poverty,Poverty risk rate,percentage points,3,21.3,,,,
1995-2007,1995,2007,Cyprus,CY,CYP,CYP,0,temporary_contract,Temporary contract rate,percentage points,9,7.73,24.54,58.53,50.79,
1995-2007,1995,2007,Czechia,CZ,CZE,CZE,0,brain_waste,Highly educated employment rate,percentage points,10,78.38,82.96,78.14,-0.24,
1995-2007,1995,2007,Czechia,CZ,CZE,CZE,0,poverty,Poverty risk rate,percentage points,3,16.77,,,,
1995-2007,1995,2007,Czechia,CZ,CZE,CZE,0,temporary_contract,Temporary contract rate,percentage points,11,10.68,18.38,29.81,19.24,
1995-2007,1995,2007,Germany,DE,DEU,DEU,0,brain_waste,Highly educated employment rate,percentage points,12,75.62,75.43,58.11,-17.51,
1995-2007,1995,2007,Germany,DE,DEU,DEU,0,poverty,Poverty risk rate,percentage points,3,20.33,,,,
1995-2007,1995,2007,Germany,DE,DEU,DEU,0,temporary_contract,Temporary contract rate,percentage points,13,15.62,16.23,19.85,4.23,
1995-2007,1995,2007,Denmark,DK,DNK,DNK,0,brain_waste,Highly educated employment rate,percentage points,13,80.23,81.64,65.54,-14.69,
1995-2007,1995,2007,Denmark,DK,DNK,DNK,0,poverty,Poverty risk rate,percentage points,5,16.4,,,,
1995-2007,1995,2007,Denmark,DK,DNK,DNK,0,temporary_contract,Temporary contract rate,percentage points,13,10.86,19.57,20.91,10.19,
1995-2007,1995,2007,Spain,ES,ESP,ESP,0,brain_waste,Highly educated employment rate,percentage points,13,71.2,64.84,63.05,-8.15,
1995-2007,1995,2007,Spain,ES,ESP,ESP,0,poverty,Poverty risk rate,percentage points,4,21.23,,,,
1995-2007,1995,2007,Spain,ES,ESP,ESP,0,temporary_contract,Temporary contract rate,percentage points,13,32.97,50.54,57.43,24.46,
1995-2007,1995,2007,Estonia,EE,EST,EST,0,brain_waste,Highly educated employment rate,percentage points,10,79.62,73.32,69.07,-10.55,
1995-2007,1995,2007,Estonia,EE,EST,EST,0,poverty,Poverty risk rate,percentage points,4,20.97,,,,
1995-2007,1995,2007,Estonia,EE,EST,EST,0,temporary_contract,Temporary contract rate,percentage points,10,2.68,,1.71,-0.47,
1995-2007,1995,2007,Finland,FI,FIN,FIN,0,brain_waste,Highly educated employment rate,percentage points,13,76.27,79.73,54.71,-21.76,
1995-2007,1995,2007,Finland,FI,FIN,FIN,0,poverty,Poverty risk rate,percentage points,4,16.79,,,,
1995-2007,1995,2007,Finland,FI,FIN,FIN,0,temporary_contract,Temporary contract rate,percentage points,13,19.56,26.99,36.48,16.91,
1995-2007,1995,2007,France,FR,FRA,FRA,0,brain_waste,Highly educated employment rate,percentage points,13,71.92,69.72,59.04,-12.88,
1995-2007,1995,2007,France,FR,FRA,FRA,0,poverty,Poverty risk rate,percentage points,4,17.83,,,,
1995-2007,1995,2007,France,FR,FRA,FRA,0,temporary_contract,Temporary contract rate,percentage points,13,16.77,14.36,25.69,8.92,
1995-2007,1995,2007,United Kingdom,UK,GBR,GBR,0,brain_waste,Highly educated employment rate,percentage points,12,86.29,82.92,76.9,-9.39,
1995-2007,1995,2007,United Kingdom,UK,GBR,GBR,0,poverty,Poverty risk rate,percentage points,3,20.58,,,,
1995-2007,1995,2007,United Kingdom,UK,GBR,GBR,0,temporary_contract,Temporary contract rate,percentage points,13,6.61,14.0,16.54,9.92,
1995-2007,1995,2007,Greece,EL,GRC,GRC,0,brain_waste,Highly educated employment rate,percentage points,13,71.41,68.31,69.95,-1.46,
1995-2007,1995,2007,Greece,EL,GRC,GRC,0,poverty,Poverty risk rate,percentage points,5,28.61,,,,
1995-2007,1995,2007,Greece,EL,GRC,GRC,0,temporary_contract,Temporary contract rate,percentage points,13,12.63,23.74,24.51,11.88,
1995-2007,1995,2007,Croatia,HR,HRV,HRV,0,brain_waste,Highly educated employment rate,percentage points,2,72.69,,84.77,11.03,
1995-2007,1995,2007,Croatia,HR,HRV,HRV,0,temporary_contract,Temporary contract rate,percentage points,2,15.36,,74.3,58.97,
1995-2007,1995,2007,Hungary,HU,HUN,HUN,0,brain_waste,Highly educated employment rate,percentage points,7,74.73,79.29,76.12,1.4,
1995-2007,1995,2007,Hungary,HU,HUN,HUN,0,poverty,Poverty risk rate,percentage points,3,30.34,,,,
1995-2007,1995,2007,Hungary,HU,HUN,HUN,0,temporary_contract,Temporary contract rate,percentage points,7,8.08,18.12,,,
1995-2007,1995,2007,Ireland,IE,IRL,IRL,0,brain_waste,Highly educated employment rate,percentage points,8,81.34,83.16,73.96,-7.38,
1995-2007,1995,2007,Ireland,IE,IRL,IRL,0,poverty,Poverty risk rate,percentage points,5,20.87,,,,
1995-2007,1995,2007,Ireland,IE,IRL,IRL,0,temporary_contract,Temporary contract rate,percentage points,9,5.69,11.25,9.42,3.55,
1995-2007,1995,2007,Iceland,IS,ISL,ISL,0,brain_waste,Highly educated employment rate,percentage points,9,92.07,93.52,85.05,-3.7,
1995-2007,1995,2007,Iceland,IS,ISL,ISL,0,poverty,Poverty risk rate,percentage points,4,12.08,,,,
1995-2007,1995,2007,Iceland,IS,ISL,ISL,0,temporary_contract,Temporary contract rate,percentage points,12,7.96,,,,
1995-2007,1995,2007,Italy,IT,ITA,ITA,0,brain_waste,Highly educated employment rate,percentage points,3,71.78,71.79,73.6,1.82,
1995-2007,1995,2007,Italy,IT,ITA,ITA,0,poverty,Poverty risk rate,percentage points,4,24.79,,,,
1995-2007,1995,2007,Italy,IT,ITA,ITA,0,temporary_contract,Temporary contract rate,percentage points,3,15.69,17.53,16.43,0.74,
1995-2007,1995,2007,Lithuania,LT,LTU,LTU,0,brain_waste,Highly educated employment rate,percentage points,10,76.68,,,,
1995-2007,1995,2007,Lithuania,LT,LTU,LTU,0,poverty,Poverty risk rate,percentage points,3,33.63,,,,
1995-2007,1995,2007,Lithuania,LT,LTU,LTU,0,temporary_contract,Temporary contract rate,percentage points,10,6.69,,,,
1995-2007,1995,2007,Luxembourg,LU,LUX,LUX,0,brain_waste,Highly educated employment rate,percentage points,12,79.21,78.41,73.91,-5.3,
1995-2007,1995,2007,Luxembourg,LU,LUX,LUX,0,poverty,Poverty risk rate,percentage points,5,11.57,,,,
1995-2007,1995,2007,Luxembourg,LU,LUX,LUX,0,temporary_contract,Temporary contract rate,percentage points,12,6.89,6.05,8.33,0.19,
1995-2007,1995,2007,Latvia,LV,LVA,LVA,0,brain_waste,Highly educated employment rate,percentage points,4,80.22,84.52,68.29,-12.64,
1995-2007,1995,2007,Latvia,LV,LVA,LVA,0,poverty,Poverty risk rate,percentage points,3,37.48,,,,
1995-2007,1995,2007,Latvia,LV,LVA,LVA,0,temporary_contract,Temporary contract rate,percentage points,4,8.13,,,,
1995-2007,1995,2007,North Macedonia,MK,MKD,MKD,0,brain_waste,Highly educated employment rate,percentage points,2,65.71,,,,
1995-2007,1995,2007,North Macedonia,MK,MKD,MKD,0,temporary_contract,Temporary contract rate,percentage points,2,14.2,,,,
1995-2007,1995,2007,Malta,MT,MLT,MLT,0,brain_waste,Highly educated employment rate,percentage points,3,79.72,,62.84,-16.88,
1995-2007,1995,2007,Malta,MT,MLT,MLT,0,poverty,Poverty risk rate,percentage points,3,18.14,,,,
1995-2007,1995,2007,Malta,MT,MLT,MLT,0,temporary_contract,Temporary contract rate,percentage points,3,4.76,,,,
1995-2007,1995,2007,Netherlands,NL,NLD,NLD,0,brain_waste,Highly educated employment rate,percentage points,9,77.78,82.02,63.54,-14.24,
1995-2007,1995,2007,Netherlands,NL,NLD,NLD,0,poverty,Poverty risk rate,percentage points,3,16.44,,,,
1995-2007,1995,2007,Netherlands,NL,NLD,NLD,0,temporary_contract,Temporary contract rate,percentage points,9,15.53,23.23,35.08,19.55,
1995-2007,1995,2007,Norway,NO,NOR,NOR,0,brain_waste,Highly educated employment rate,percentage points,12,82.78,86.76,74.01,-8.77,
1995-2007,1995,2007,Norway,NO,NOR,NOR,0,poverty,Poverty risk rate,percentage points,5,14.73,,,,
1995-2007,1995,2007,Norway,NO,NOR,NOR,0,temporary_contract,Temporary contract rate,percentage points,13,11.98,13.31,20.56,8.58,
1995-2007,1995,2007,Poland,PL,POL,POL,0,brain_waste,Highly educated employment rate,percentage points,4,71.9,,81.96,10.04,
1995-2007,1995,2007,Poland,PL,POL,POL,0,poverty,Poverty risk rate,percentage points,3,39.98,,,,
1995-2007,1995,2007,Poland,PL,POL,POL,0,temporary_contract,Temporary contract rate,percentage points,4,29.45,,56.11,26.62,
1995-2007,1995,2007,Portugal,PT,PRT,PRT,0,brain_waste,Highly educated employment rate,percentage points,9,80.25,80.26,80.74,2.46,
1995-2007,1995,2007,Portugal,PT,PRT,PRT,0,poverty,Poverty risk rate,percentage points,4,23.63,,,,
1995-2007,1995,2007,Portugal,PT,PRT,PRT,0,temporary_contract,Temporary contract rate,percentage points,9,21.26,46.09,53.53,32.27,
1995-2007,1995,2007,Romania,RO,ROU,ROU,0,brain_waste,Highly educated employment rate,percentage points,4,75.64,,,,
1995-2007,1995,2007,Romania,RO,ROU,ROU,0,poverty,Poverty risk rate,percentage points,1,43.77,,,,
1995-2007,1995,2007,Romania,RO,ROU,ROU,0,temporary_contract,Temporary contract rate,percentage points,4,2.71,,,,
1995-2007,1995,2007,Slovakia,SK,SVK,SVK,0,brain_waste,Highly educated employment rate,percentage points,5,75.88,,,,
1995-2007,1995,2007,Slovakia,SK,SVK,SVK,0,poverty,Poverty risk rate,percentage points,3,25.7,,,,
1995-2007,1995,2007,Slovakia,SK,SVK,SVK,0,temporary_contract,Temporary contract rate,percentage points,5,6.69,,,,
1995-2007,1995,2007,Slovenia,SI,SVN,SVN,0,brain_waste,Highly educated employment rate,percentage points,6,77.15,80.56,,,
1995-2007,1995,2007,Slovenia,SI,SVN,SVN,0,poverty,Poverty risk rate,percentage points,3,17.42,,,,
1995-2007,1995,2007,Slovenia,SI,SVN,SVN,0,temporary_contract,Temporary contract rate,percentage points,6,21.43,,39.44,16.8,
1995-2007,1995,2007,Sweden,SE,SWE,SWE,0,brain_waste,Highly educated employment rate,percentage points,11,79.73,80.97,61.71,-18.02,
1995-2007,1995,2007,Sweden,SE,SWE,SWE,0,poverty,Poverty risk rate,percentage points,4,13.88,,,,
1995-2007,1995,2007,Sweden,SE,SWE,SWE,0,temporary_contract,Temporary contract rate,percentage points,11,18.17,20.64,32.16,13.99,
1995-2007,1995,2007,Turkey,TR,TUR,TUR,0,poverty,Poverty risk rate,percentage points,2,63.03,,,,
2008-2013,2008,2013,Albania,AL,ALB,ALB,0,incarceration,Foreign prison-population representation,ratio,6,82.85,,1.04,-81.81,0.01
2008-2013,2008,2013,Austria,AT,AUT,AUT,0,brain_waste,Highly educated employment rate,percentage points,6,78.05,78.14,63.0,-15.06,
2008-2013,2008,2013,Austria,AT,AUT,AUT,0,incarceration,Foreign prison-population representation,ratio,6,52.81,,45.84,-5.61,0.9
2008-2013,2008,2013,Austria,AT,AUT,AUT,0,poverty,Poverty risk rate,percentage points,6,16.14,33.73,37.64,21.69,
2008-2013,2008,2013,Austria,AT,AUT,AUT,0,temporary_contract,Temporary contract rate,percentage points,6,10.54,14.28,13.5,2.96,
2008-2013,2008,2013,Belgium,BE,BEL,BEL,0,brain_waste,Highly educated employment rate,percentage points,6,73.66,74.51,58.19,-15.48,
2008-2013,2008,2013,Belgium,BE,BEL,BEL,0,incarceration,Foreign prison-population representation,ratio,6,56.78,,43.13,-13.65,0.76
2008-2013,2008,2013,Belgium,BE,BEL,BEL,0,poverty,Poverty risk rate,percentage points,6,18.05,28.32,61.61,43.69,
2008-2013,2008,2013,Belgium,BE,BEL,BEL,0,temporary_contract,Temporary contract rate,percentage points,6,10.08,16.53,27.15,17.07,
2008-2013,2008,2013,Bulgaria,BG,BGR,BGR,0,brain_waste,Highly educated employment rate,percentage points,6,74.61,,,,
2008-2013,2008,2013,Bulgaria,BG,BGR,BGR,0,incarceration,Foreign prison-population representation,ratio,6,98.02,,1.98,-96.03,0.02
2008-2013,2008,2013,Bulgaria,BG,BGR,BGR,0,poverty,Poverty risk rate,percentage points,6,44.66,,55.67,10.31,
2008-2013,2008,2013,Bulgaria,BG,BGR,BGR,0,temporary_contract,Temporary contract rate,percentage points,6,5.41,,,,
2008-2013,2008,2013,Bosnia and Herzegovina,BA,BIH,BIH,0,incarceration,Foreign prison-population representation,ratio,3,92.31,,1.72,-90.59,0.02
2008-2013,2008,2013,Switzerland,CH,CHE,CHE,0,brain_waste,Highly educated employment rate,percentage points,6,82.86,79.64,69.0,-13.86,
2008-2013,2008,2013,Switzerland,CH,CHE,CHE,0,incarceration,Foreign prison-population representation,ratio,6,29.96,,70.04,40.09,2.35
2008-2013,2008,2013,Switzerland,CH,CHE,CHE,0,poverty,Poverty risk rate,percentage points,6,13.09,13.98,28.45,15.37,
2008-2013,2008,2013,Switzerland,CH,CHE,CHE,0,temporary_contract,Temporary contract rate,percentage points,6,15.31,13.96,18.21,2.9,
2008-2013,2008,2013,Cyprus,CY,CYP,CYP,0,brain_waste,Highly educated employment rate,percentage points,6,78.03,73.57,60.22,-17.81,
2008-2013,2008,2013,Cyprus,CY,CYP,CYP,0,incarceration,Foreign prison-population representation,ratio,6,42.61,,57.39,14.77,1.35
2008-2013,2008,2013,Cyprus,CY,CYP,CYP,0,poverty,Poverty risk rate,percentage points,6,21.14,35.05,40.83,19.12,
2008-2013,2008,2013,Cyprus,CY,CYP,CYP,0,temporary_contract,Temporary contract rate,percentage points,6,9.24,8.2,68.92,59.69,
2008-2013,2008,2013,Czechia,CZ,CZE,CZE,0,brain_waste,Highly educated employment rate,percentage points,6,75.55,84.53,79.16,3.61,
2008-2013,2008,2013,Czechia,CZ,CZE,CZE,0,incarceration,Foreign prison-population representation,ratio,6,93.13,,6.87,-86.26,0.07
2008-2013,2008,2013,Czechia,CZ,CZE,CZE,0,poverty,Poverty risk rate,percentage points,6,14.34,18.63,25.01,10.74,
2008-2013,2008,2013,Czechia,CZ,CZE,CZE,0,temporary_contract,Temporary contract rate,percentage points,6,10.67,18.51,17.49,6.81,
2008-2013,2008,2013,Germany,DE,DEU,DEU,0,brain_waste,Highly educated employment rate,percentage points,6,79.47,75.83,62.15,-17.32,
2008-2013,2008,2013,Germany,DE,DEU,DEU,0,poverty,Poverty risk rate,percentage points,6,20.62,21.71,37.95,17.33,
2008-2013,2008,2013,Germany,DE,DEU,DEU,0,temporary_contract,Temporary contract rate,percentage points,6,17.72,19.35,22.8,5.08,
2008-2013,2008,2013,Denmark,DK,DNK,DNK,0,brain_waste,Highly educated employment rate,percentage points,6,78.56,79.28,69.23,-9.32,
2008-2013,2008,2013,Denmark,DK,DNK,DNK,0,incarceration,Foreign prison-population representation,ratio,6,76.66,,23.34,-53.33,0.31
2008-2013,2008,2013,Denmark,DK,DNK,DNK,0,poverty,Poverty risk rate,percentage points,6,17.96,29.79,43.08,24.83,
2008-2013,2008,2013,Denmark,DK,DNK,DNK,0,temporary_contract,Temporary contract rate,percentage points,6,9.5,13.16,16.12,6.62,
2008-2013,2008,2013,Spain,ES,ESP,ESP,0,brain_waste,Highly educated employment rate,percentage points,6,71.79,63.1,57.45,-14.34,
2008-2013,2008,2013,Spain,ES,ESP,ESP,0,incarceration,Foreign prison-population representation,ratio,6,65.55,,34.45,-31.1,0.53
2008-2013,2008,2013,Spain,ES,ESP,ESP,0,poverty,Poverty risk rate,percentage points,6,22.04,39.75,53.4,30.59,
2008-2013,2008,2013,Spain,ES,ESP,ESP,0,temporary_contract,Temporary contract rate,percentage points,6,26.3,42.12,41.84,15.54,
2008-2013,2008,2013,Estonia,EE,EST,EST,0,brain_waste,Highly educated employment rate,percentage points,6,77.95,70.49,70.45,-7.51,
2008-2013,2008,2013,Estonia,EE,EST,EST,0,incarceration,Foreign prison-population representation,ratio,6,61.7,,33.22,-22.74,0.63
2008-2013,2008,2013,Estonia,EE,EST,EST,0,poverty,Poverty risk rate,percentage points,6,20.16,18.91,33.81,13.24,
2008-2013,2008,2013,Estonia,EE,EST,EST,0,temporary_contract,Temporary contract rate,percentage points,6,4.07,,5.59,1.52,
2008-2013,2008,2013,Finland,FI,FIN,FIN,0,brain_waste,Highly educated employment rate,percentage points,6,77.64,79.21,57.68,-19.97,
2008-2013,2008,2013,Finland,FI,FIN,FIN,0,incarceration,Foreign prison-population representation,ratio,6,87.97,,12.03,-75.94,0.14
2008-2013,2008,2013,Finland,FI,FIN,FIN,0,poverty,Poverty risk rate,percentage points,6,16.64,22.01,45.05,28.37,
2008-2013,2008,2013,Finland,FI,FIN,FIN,0,temporary_contract,Temporary contract rate,percentage points,6,17.7,18.22,27.07,9.37,
2008-2013,2008,2013,France,FR,FRA,FRA,0,brain_waste,Highly educated employment rate,percentage points,6,73.4,71.21,58.46,-14.94,
2008-2013,2008,2013,France,FR,FRA,FRA,0,incarceration,Foreign prison-population representation,ratio,6,80.54,,19.46,-61.08,0.24
2008-2013,2008,2013,France,FR,FRA,FRA,0,poverty,Poverty risk rate,percentage points,6,17.39,19.99,54.63,37.14,
2008-2013,2008,2013,France,FR,FRA,FRA,0,temporary_contract,Temporary contract rate,percentage points,6,18.76,16.91,27.78,9.02,
2008-2013,2008,2013,United Kingdom,UK,GBR,GBR,0,brain_waste,Highly educated employment rate,percentage points,6,79.98,79.04,71.44,-8.54,
2008-2013,2008,2013,United Kingdom,UK,GBR,GBR,0,poverty,Poverty risk rate,percentage points,6,21.13,21.07,34.43,13.13,
2008-2013,2008,2013,United Kingdom,UK,GBR,GBR,0,temporary_contract,Temporary contract rate,percentage points,6,6.21,10.13,12.52,6.32,
2008-2013,2008,2013,Greece,EL,GRC,GRC,0,brain_waste,Highly educated employment rate,percentage points,6,68.45,63.84,60.9,-7.55,
2008-2013,2008,2013,Greece,EL,GRC,GRC,0,incarceration,Foreign prison-population representation,ratio,6,42.0,,58.81,16.81,1.43
2008-2013,2008,2013,Greece,EL,GRC,GRC,0,poverty,Poverty risk rate,percentage points,6,29.34,47.43,60.45,30.48,
2008-2013,2008,2013,Greece,EL,GRC,GRC,0,temporary_contract,Temporary contract rate,percentage points,6,12.09,24.71,21.68,9.59,
2008-2013,2008,2013,Croatia,HR,HRV,HRV,0,brain_waste,Highly educated employment rate,percentage points,6,69.95,75.84,86.05,15.69,
2008-2013,2008,2013,Croatia,HR,HRV,HRV,0,incarceration,Foreign prison-population representation,ratio,6,,,5.77,,
2008-2013,2008,2013,Croatia,HR,HRV,HRV,0,poverty,Poverty risk rate,percentage points,4,30.89,,54.77,23.88,
2008-2013,2008,2013,Croatia,HR,HRV,HRV,0,temporary_contract,Temporary contract rate,percentage points,6,15.84,,,,
2008-2013,2008,2013,Hungary,HU,HUN,HUN,0,brain_waste,Highly educated employment rate,percentage points,6,71.37,78.26,70.3,-1.07,
2008-2013,2008,2013,Hungary,HU,HUN,HUN,0,incarceration,Foreign prison-population representation,ratio,6,96.37,,3.63,-92.75,0.04
2008-2013,2008,2013,Hungary,HU,HUN,HUN,0,poverty,Poverty risk rate,percentage points,6,31.04,24.51,28.11,-3.69,
2008-2013,2008,2013,Hungary,HU,HUN,HUN,0,temporary_contract,Temporary contract rate,percentage points,6,10.66,14.9,,,
2008-2013,2008,2013,Ireland,IE,IRL,IRL,0,brain_waste,Highly educated employment rate,percentage points,6,75.77,75.12,69.33,-6.44,
2008-2013,2008,2013,Ireland,IE,IRL,IRL,0,incarceration,Foreign prison-population representation,ratio,6,80.24,,10.59,-69.65,0.13
2008-2013,2008,2013,Ireland,IE,IRL,IRL,0,poverty,Poverty risk rate,percentage points,6,27.33,23.59,36.94,8.63,
2008-2013,2008,2013,Ireland,IE,IRL,IRL,0,temporary_contract,Temporary contract rate,percentage points,6,11.69,10.26,14.67,2.98,
2008-2013,2008,2013,Iceland,IS,ISL,ISL,0,brain_waste,Highly educated employment rate,percentage points,6,87.22,84.71,84.71,-2.75,
2008-2013,2008,2013,Iceland,IS,ISL,ISL,0,incarceration,Foreign prison-population representation,ratio,6,80.39,,19.61,-60.77,0.25
2008-2013,2008,2013,Iceland,IS,ISL,ISL,0,poverty,Poverty risk rate,percentage points,6,12.06,24.99,24.25,11.93,
2008-2013,2008,2013,Iceland,IS,ISL,ISL,0,temporary_contract,Temporary contract rate,percentage points,6,13.27,10.65,,,
2008-2013,2008,2013,Italy,IT,ITA,ITA,0,brain_waste,Highly educated employment rate,percentage points,6,71.02,72.42,69.36,-1.67,
2008-2013,2008,2013,Italy,IT,ITA,ITA,0,incarceration,Foreign prison-population representation,ratio,6,63.8,,36.22,-27.58,0.57
2008-2013,2008,2013,Italy,IT,ITA,ITA,0,poverty,Poverty risk rate,percentage points,6,25.55,39.67,45.61,19.81,
2008-2013,2008,2013,Italy,IT,ITA,ITA,0,temporary_contract,Temporary contract rate,percentage points,6,17.64,20.05,15.95,-1.69,
2008-2013,2008,2013,Liechtenstein,LI,LIE,LIE,0,incarceration,Foreign prison-population representation,ratio,6,19.32,,80.68,61.37,4.82
2008-2013,2008,2013,Lithuania,LT,LTU,LTU,0,brain_waste,Highly educated employment rate,percentage points,6,79.36,,67.79,-12.26,
2008-2013,2008,2013,Lithuania,LT,LTU,LTU,0,incarceration,Foreign prison-population representation,ratio,6,98.73,,1.27,-97.45,0.01
2008-2013,2008,2013,Lithuania,LT,LTU,LTU,0,poverty,Poverty risk rate,percentage points,6,30.44,,34.27,2.94,
2008-2013,2008,2013,Lithuania,LT,LTU,LTU,0,temporary_contract,Temporary contract rate,percentage points,6,3.29,,,,
2008-2013,2008,2013,Luxembourg,LU,LUX,LUX,0,brain_waste,Highly educated employment rate,percentage points,6,75.74,80.24,71.34,-4.39,
2008-2013,2008,2013,Luxembourg,LU,LUX,LUX,0,incarceration,Foreign prison-population representation,ratio,6,30.1,,69.9,39.8,2.33
2008-2013,2008,2013,Luxembourg,LU,LUX,LUX,0,poverty,Poverty risk rate,percentage points,6,12.24,20.48,38.05,25.41,
2008-2013,2008,2013,Luxembourg,LU,LUX,LUX,0,temporary_contract,Temporary contract rate,percentage points,6,11.73,11.52,11.25,-0.45,
2008-2013,2008,2013,Latvia,LV,LVA,LVA,0,brain_waste,Highly educated employment rate,percentage points,6,80.53,,68.18,-12.35,
2008-2013,2008,2013,Latvia,LV,LVA,LVA,0,incarceration,Foreign prison-population representation,ratio,6,83.33,,1.28,-82.05,0.02
2008-2013,2008,2013,Latvia,LV,LVA,LVA,0,poverty,Poverty risk rate,percentage points,6,33.64,40.48,44.66,9.97,
2008-2013,2008,2013,Latvia,LV,LVA,LVA,0,temporary_contract,Temporary contract rate,percentage points,6,5.38,,6.03,0.65,
2008-2013,2008,2013,North Macedonia,MK,MKD,MKD,0,brain_waste,Highly educated employment rate,percentage points,6,67.06,,,,
2008-2013,2008,2013,North Macedonia,MK,MKD,MKD,0,incarceration,Foreign prison-population representation,ratio,1,,,,,0.02
2008-2013,2008,2013,North Macedonia,MK,MKD,MKD,0,poverty,Poverty risk rate,percentage points,4,48.43,,65.05,16.62,
2008-2013,2008,2013,North Macedonia,MK,MKD,MKD,0,temporary_contract,Temporary contract rate,percentage points,6,16.92,,,,
2008-2013,2008,2013,Malta,MT,MLT,MLT,0,brain_waste,Highly educated employment rate,percentage points,6,79.19,75.33,72.12,-7.07,
2008-2013,2008,2013,Malta,MT,MLT,MLT,0,incarceration,Foreign prison-population representation,ratio,3,,,38.59,,
2008-2013,2008,2013,Malta,MT,MLT,MLT,0,poverty,Poverty risk rate,percentage points,6,19.96,17.88,27.41,7.03,
2008-2013,2008,2013,Malta,MT,MLT,MLT,0,temporary_contract,Temporary contract rate,percentage points,6,6.23,,7.2,-0.66,
2008-2013,2008,2013,Montenegro,ME,MNE,MNE,0,brain_waste,Highly educated employment rate,percentage points,3,73.88,,57.94,-15.94,
2008-2013,2008,2013,Montenegro,ME,MNE,MNE,0,incarceration,Foreign prison-population representation,ratio,6,89.81,,10.14,-79.67,0.12
2008-2013,2008,2013,Montenegro,ME,MNE,MNE,0,poverty,Poverty risk rate,percentage points,1,35.17,,,,
2008-2013,2008,2013,Montenegro,ME,MNE,MNE,0,temporary_contract,Temporary contract rate,percentage points,3,25.89,,41.77,15.87,
2008-2013,2008,2013,Netherlands,NL,NLD,NLD,0,brain_waste,Highly educated employment rate,percentage points,6,79.2,80.25,65.39,-13.81,
2008-2013,2008,2013,Netherlands,NL,NLD,NLD,0,incarceration,Foreign prison-population representation,ratio,6,80.64,,19.36,-61.27,0.24
2008-2013,2008,2013,Netherlands,NL,NLD,NLD,0,poverty,Poverty risk rate,percentage points,6,15.57,17.01,29.55,13.86,
2008-2013,2008,2013,Netherlands,NL,NLD,NLD,0,temporary_contract,Temporary contract rate,percentage points,6,20.11,29.61,37.73,17.62,
2008-2013,2008,2013,Norway,NO,NOR,NOR,0,brain_waste,Highly educated employment rate,percentage points,6,84.52,87.2,73.69,-10.83,
2008-2013,2008,2013,Norway,NO,NOR,NOR,0,incarceration,Foreign prison-population representation,ratio,2,68.29,,30.43,-37.86,0.45
2008-2013,2008,2013,Norway,NO,NOR,NOR,0,poverty,Poverty risk rate,percentage points,6,14.18,18.21,39.44,25.27,
2008-2013,2008,2013,Norway,NO,NOR,NOR,0,temporary_contract,Temporary contract rate,percentage points,6,9.53,9.95,20.42,10.89,
2008-2013,2008,2013,Poland,PL,POL,POL,0,brain_waste,Highly educated employment rate,percentage points,6,73.95,94.93,72.64,-1.31,
2008-2013,2008,2013,Poland,PL,POL,POL,0,incarceration,Foreign prison-population representation,ratio,6,99.33,,0.67,-98.66,0.01
2008-2013,2008,2013,Poland,PL,POL,POL,0,poverty,Poverty risk rate,percentage points,6,27.41,,26.43,-0.06,
2008-2013,2008,2013,Poland,PL,POL,POL,0,temporary_contract,Temporary contract rate,percentage points,6,30.89,,44.96,13.92,
2008-2013,2008,2013,Portugal,PT,PRT,PRT,0,brain_waste,Highly educated employment rate,percentage points,6,74.0,81.0,70.06,-3.94,
2008-2013,2008,2013,Portugal,PT,PRT,PRT,0,incarceration,Foreign prison-population representation,ratio,6,78.93,,19.52,-59.41,0.25
2008-2013,2008,2013,Portugal,PT,PRT,PRT,0,poverty,Poverty risk rate,percentage points,6,24.36,26.72,42.05,17.67,
2008-2013,2008,2013,Portugal,PT,PRT,PRT,0,temporary_contract,Temporary contract rate,percentage points,6,24.88,35.84,50.32,25.44,
2008-2013,2008,2013,Romania,RO,ROU,ROU,0,brain_waste,Highly educated employment rate,percentage points,6,74.14,,,,
2008-2013,2008,2013,Romania,RO,ROU,ROU,0,incarceration,Foreign prison-population representation,ratio,6,99.33,,0.67,-98.66,0.01
2008-2013,2008,2013,Romania,RO,ROU,ROU,0,poverty,Poverty risk rate,percentage points,6,40.52,,,,
2008-2013,2008,2013,Romania,RO,ROU,ROU,0,temporary_contract,Temporary contract rate,percentage points,6,1.85,,,,
2008-2013,2008,2013,Serbia,RS,SRB,SRB,0,brain_waste,Highly educated employment rate,percentage points,4,59.4,,,,
2008-2013,2008,2013,Serbia,RS,SRB,SRB,0,incarceration,Foreign prison-population representation,ratio,6,97.75,,2.25,-95.49,0.02
2008-2013,2008,2013,Serbia,RS,SRB,SRB,0,poverty,Poverty risk rate,percentage points,1,,,42.77,,
2008-2013,2008,2013,Serbia,RS,SRB,SRB,0,temporary_contract,Temporary contract rate,percentage points,4,17.43,,,,
2008-2013,2008,2013,Slovakia,SK,SVK,SVK,0,brain_waste,Highly educated employment rate,percentage points,6,71.96,,,,
2008-2013,2008,2013,Slovakia,SK,SVK,SVK,0,incarceration,Foreign prison-population representation,ratio,6,98.11,,1.87,-96.23,0.02
2008-2013,2008,2013,Slovakia,SK,SVK,SVK,0,poverty,Poverty risk rate,percentage points,6,19.39,20.95,,,
2008-2013,2008,2013,Slovakia,SK,SVK,SVK,0,temporary_contract,Temporary contract rate,percentage points,6,7.12,,,,
2008-2013,2008,2013,Slovenia,SI,SVN,SVN,0,brain_waste,Highly educated employment rate,percentage points,6,75.66,78.65,64.08,-11.32,
2008-2013,2008,2013,Slovenia,SI,SVN,SVN,0,incarceration,Foreign prison-population representation,ratio,6,89.04,,10.71,-78.08,0.12
2008-2013,2008,2013,Slovenia,SI,SVN,SVN,0,poverty,Poverty risk rate,percentage points,6,18.25,33.22,50.25,32.01,
2008-2013,2008,2013,Slovenia,SI,SVN,SVN,0,temporary_contract,Temporary contract rate,percentage points,6,23.14,33.63,39.9,16.76,
2008-2013,2008,2013,Sweden,SE,SWE,SWE,0,brain_waste,Highly educated employment rate,percentage points,6,81.48,82.34,61.72,-19.76,
2008-2013,2008,2013,Sweden,SE,SWE,SWE,0,incarceration,Foreign prison-population representation,ratio,2,68.05,,31.95,-36.11,0.47
2008-2013,2008,2013,Sweden,SE,SWE,SWE,0,poverty,Poverty risk rate,percentage points,6,15.56,31.78,54.82,39.13,
2008-2013,2008,2013,Sweden,SE,SWE,SWE,0,temporary_contract,Temporary contract rate,percentage points,6,19.43,21.05,36.81,17.39,
2008-2013,2008,2013,Turkey,TR,TUR,TUR,0,incarceration,Foreign prison-population representation,ratio,5,98.16,,1.68,-96.48,0.02
2008-2013,2008,2013,Turkey,TR,TUR,TUR,0,poverty,Poverty risk rate,percentage points,6,59.37,39.2,50.61,-7.54,
2008-2013,2008,2013,Kosovo,XK,XKX,XKX,0,incarceration,Foreign prison-population representation,ratio,3,94.42,,5.58,-88.84,0.06
2014-2019,2014,2019,Albania,AL,ALB,ALB,0,incarceration,Foreign prison-population representation,ratio,6,98.26,,1.74,-96.53,0.02
2014-2019,2014,2019,Austria,AT,AUT,AUT,0,brain_waste,Highly educated employment rate,percentage points,6,78.14,78.3,63.0,-15.14,
2014-2019,2014,2019,Austria,AT,AUT,AUT,0,incarceration,Foreign prison-population representation,ratio,6,46.31,,53.69,7.37,1.16
2014-2019,2014,2019,Austria,AT,AUT,AUT,0,poverty,Poverty risk rate,percentage points,1,14.93,39.4,44.37,29.43,
2014-2019,2014,2019,Austria,AT,AUT,AUT,0,temporary_contract,Temporary contract rate,percentage points,6,10.63,12.78,13.64,3.0,
2014-2019,2014,2019,Belgium,BE,BEL,BEL,0,brain_waste,Highly educated employment rate,percentage points,6,74.98,75.37,58.28,-16.7,
2014-2019,2014,2019,Belgium,BE,BEL,BEL,0,incarceration,Foreign prison-population representation,ratio,4,55.68,,44.14,-11.55,0.79
2014-2019,2014,2019,Belgium,BE,BEL,BEL,0,poverty,Poverty risk rate,percentage points,1,18.1,29.77,68.83,50.73,
2014-2019,2014,2019,Belgium,BE,BEL,BEL,0,temporary_contract,Temporary contract rate,percentage points,6,12.49,18.32,30.61,18.11,
2014-2019,2014,2019,Bulgaria,BG,BGR,BGR,0,brain_waste,Highly educated employment rate,percentage points,6,76.55,,77.01,-0.24,
2014-2019,2014,2019,Bulgaria,BG,BGR,BGR,0,incarceration,Foreign prison-population representation,ratio,6,97.28,,2.72,-94.55,0.03
2014-2019,2014,2019,Bulgaria,BG,BGR,BGR,0,poverty,Poverty risk rate,percentage points,1,36.87,,38.5,1.63,
2014-2019,2014,2019,Bulgaria,BG,BGR,BGR,0,temporary_contract,Temporary contract rate,percentage points,6,5.42,,,,
2014-2019,2014,2019,Bosnia and Herzegovina,BA,BIH,BIH,0,incarceration,Foreign prison-population representation,ratio,6,98.42,,1.58,-96.84,0.02
2014-2019,2014,2019,Switzerland,CH,CHE,CHE,0,brain_waste,Highly educated employment rate,percentage points,6,82.96,80.65,63.68,-19.28,
2014-2019,2014,2019,Switzerland,CH,CHE,CHE,0,incarceration,Foreign prison-population representation,ratio,6,29.8,,70.2,40.4,2.36
2014-2019,2014,2019,Switzerland,CH,CHE,CHE,0,poverty,Poverty risk rate,percentage points,1,12.97,16.77,22.7,9.73,
2014-2019,2014,2019,Switzerland,CH,CHE,CHE,0,temporary_contract,Temporary contract rate,percentage points,6,15.19,16.17,19.71,4.52,
2014-2019,2014,2019,Cyprus,CY,CYP,CYP,0,brain_waste,Highly educated employment rate,percentage points,6,74.71,76.55,57.16,-17.55,
2014-2019,2014,2019,Cyprus,CY,CYP,CYP,0,incarceration,Foreign prison-population representation,ratio,6,59.4,,40.6,-18.8,0.71
2014-2019,2014,2019,Cyprus,CY,CYP,CYP,0,poverty,Poverty risk rate,percentage points,1,25.93,37.13,40.83,14.9,
2014-2019,2014,2019,Cyprus,CY,CYP,CYP,0,temporary_contract,Temporary contract rate,percentage points,6,12.6,14.63,63.83,51.23,
2014-2019,2014,2019,Czechia,CZ,CZE,CZE,0,brain_waste,Highly educated employment rate,percentage points,6,77.53,84.23,77.11,-0.41,
2014-2019,2014,2019,Czechia,CZ,CZE,CZE,0,incarceration,Foreign prison-population representation,ratio,6,91.79,,8.21,-83.58,0.09
2014-2019,2014,2019,Czechia,CZ,CZE,CZE,0,poverty,Poverty risk rate,percentage points,1,14.17,26.93,17.07,2.9,
2014-2019,2014,2019,Czechia,CZ,CZE,CZE,0,temporary_contract,Temporary contract rate,percentage points,6,12.04,16.33,17.56,5.52,
2014-2019,2014,2019,Germany,DE,DEU,DEU,0,brain_waste,Highly educated employment rate,percentage points,6,81.23,77.9,61.86,-19.37,
2014-2019,2014,2019,Germany,DE,DEU,DEU,0,poverty,Poverty risk rate,percentage points,1,21.27,23.5,34.3,13.03,
2014-2019,2014,2019,Germany,DE,DEU,DEU,0,temporary_contract,Temporary contract rate,percentage points,6,16.14,19.3,23.7,7.56,
2014-2019,2014,2019,Denmark,DK,DNK,DNK,0,brain_waste,Highly educated employment rate,percentage points,6,78.9,76.83,68.85,-10.05,
2014-2019,2014,2019,Denmark,DK,DNK,DNK,0,incarceration,Foreign prison-population representation,ratio,6,71.85,,28.15,-43.71,0.39
2014-2019,2014,2019,Denmark,DK,DNK,DNK,0,poverty,Poverty risk rate,percentage points,1,19.73,29.8,42.13,22.4,
2014-2019,2014,2019,Denmark,DK,DNK,DNK,0,temporary_contract,Temporary contract rate,percentage points,6,12.12,16.6,18.95,6.82,
2014-2019,2014,2019,Spain,ES,ESP,ESP,0,brain_waste,Highly educated employment rate,percentage points,6,71.89,65.09,58.02,-13.87,
2014-2019,2014,2019,Spain,ES,ESP,ESP,0,incarceration,Foreign prison-population representation,ratio,6,71.27,,28.74,-42.53,0.4
2014-2019,2014,2019,Spain,ES,ESP,ESP,0,poverty,Poverty risk rate,percentage points,1,27.83,48.6,60.4,32.57,
2014-2019,2014,2019,Spain,ES,ESP,ESP,0,temporary_contract,Temporary contract rate,percentage points,6,30.35,36.82,42.25,11.9,
2014-2019,2014,2019,Estonia,EE,EST,EST,0,brain_waste,Highly educated employment rate,percentage points,6,81.85,78.7,71.59,-10.26,
2014-2019,2014,2019,Estonia,EE,EST,EST,0,incarceration,Foreign prison-population representation,ratio,6,63.01,,36.99,-26.03,0.59
2014-2019,2014,2019,Estonia,EE,EST,EST,0,poverty,Poverty risk rate,percentage points,1,22.23,17.5,39.4,17.17,
2014-2019,2014,2019,Estonia,EE,EST,EST,0,temporary_contract,Temporary contract rate,percentage points,6,4.08,,4.97,0.88,
2014-2019,2014,2019,Finland,FI,FIN,FIN,0,brain_waste,Highly educated employment rate,percentage points,6,77.08,77.35,59.17,-17.91,
2014-2019,2014,2019,Finland,FI,FIN,FIN,0,incarceration,Foreign prison-population representation,ratio,6,83.36,,16.64,-66.72,0.2
2014-2019,2014,2019,Finland,FI,FIN,FIN,0,poverty,Poverty risk rate,percentage points,1,17.27,23.07,45.83,28.57,
2014-2019,2014,2019,Finland,FI,FIN,FIN,0,temporary_contract,Temporary contract rate,percentage points,6,18.32,17.47,26.71,8.39,
2014-2019,2014,2019,France,FR,FRA,FRA,0,brain_waste,Highly educated employment rate,percentage points,6,75.05,72.84,57.49,-17.56,
2014-2019,2014,2019,France,FR,FRA,FRA,0,incarceration,Foreign prison-population representation,ratio,6,77.92,,22.07,-55.85,0.28
2014-2019,2014,2019,France,FR,FRA,FRA,0,poverty,Poverty risk rate,percentage points,1,17.73,26.3,51.03,33.3,
2014-2019,2014,2019,France,FR,FRA,FRA,0,temporary_contract,Temporary contract rate,percentage points,6,20.04,21.37,31.4,11.36,
2014-2019,2014,2019,United Kingdom,UK,GBR,GBR,0,brain_waste,Highly educated employment rate,percentage points,6,80.89,82.3,69.61,-11.28,
2014-2019,2014,2019,United Kingdom,UK,GBR,GBR,0,poverty,Poverty risk rate,percentage points,1,22.17,22.4,34.67,12.5,
2014-2019,2014,2019,United Kingdom,UK,GBR,GBR,0,temporary_contract,Temporary contract rate,percentage points,6,6.15,9.17,11.94,5.79,
2014-2019,2014,2019,Greece,EL,GRC,GRC,0,brain_waste,Highly educated employment rate,percentage points,6,63.39,54.62,51.77,-11.61,
2014-2019,2014,2019,Greece,EL,GRC,GRC,0,incarceration,Foreign prison-population representation,ratio,6,44.47,,55.53,11.06,1.25
2014-2019,2014,2019,Greece,EL,GRC,GRC,0,poverty,Poverty risk rate,percentage points,1,36.13,51.5,70.63,34.5,
2014-2019,2014,2019,Greece,EL,GRC,GRC,0,temporary_contract,Temporary contract rate,percentage points,6,13.35,24.62,22.02,8.68,
2014-2019,2014,2019,Croatia,HR,HRV,HRV,0,brain_waste,Highly educated employment rate,percentage points,6,70.9,85.18,,,
2014-2019,2014,2019,Croatia,HR,HRV,HRV,0,incarceration,Foreign prison-population representation,ratio,6,91.43,,8.13,-83.3,0.09
2014-2019,2014,2019,Croatia,HR,HRV,HRV,0,poverty,Poverty risk rate,percentage points,1,29.13,,46.47,17.33,
2014-2019,2014,2019,Croatia,HR,HRV,HRV,0,temporary_contract,Temporary contract rate,percentage points,6,24.22,,49.64,23.98,
2014-2019,2014,2019,Hungary,HU,HUN,HUN,0,brain_waste,Highly educated employment rate,percentage points,6,75.43,84.99,81.23,4.78,
2014-2019,2014,2019,Hungary,HU,HUN,HUN,0,incarceration,Foreign prison-population representation,ratio,6,95.24,,4.76,-90.47,0.05
2014-2019,2014,2019,Hungary,HU,HUN,HUN,0,poverty,Poverty risk rate,percentage points,1,31.4,24.27,,,
2014-2019,2014,2019,Hungary,HU,HUN,HUN,0,temporary_contract,Temporary contract rate,percentage points,6,10.33,17.5,,,
2014-2019,2014,2019,Ireland,IE,IRL,IRL,0,brain_waste,Highly educated employment rate,percentage points,6,77.19,79.2,68.39,-8.79,
2014-2019,2014,2019,Ireland,IE,IRL,IRL,0,incarceration,Foreign prison-population representation,ratio,4,84.37,,11.84,-72.52,0.14
2014-2019,2014,2019,Ireland,IE,IRL,IRL,0,poverty,Poverty risk rate,percentage points,1,28.2,22.57,47.77,19.57,
2014-2019,2014,2019,Ireland,IE,IRL,IRL,0,temporary_contract,Temporary contract rate,percentage points,6,11.83,8.21,13.55,1.72,
2014-2019,2014,2019,Iceland,IS,ISL,ISL,0,brain_waste,Highly educated employment rate,percentage points,6,88.84,90.66,80.36,-8.48,
2014-2019,2014,2019,Iceland,IS,ISL,ISL,0,incarceration,Foreign prison-population representation,ratio,6,79.46,,20.54,-58.92,0.26
2014-2019,2014,2019,Iceland,IS,ISL,ISL,0,poverty,Poverty risk rate,percentage points,1,10.83,11.7,11.03,0.2,
2014-2019,2014,2019,Iceland,IS,ISL,ISL,0,temporary_contract,Temporary contract rate,percentage points,6,12.15,8.93,32.38,20.7,
2014-2019,2014,2019,Italy,IT,ITA,ITA,0,brain_waste,Highly educated employment rate,percentage points,6,72.27,71.94,63.27,-9.01,
2014-2019,2014,2019,Italy,IT,ITA,ITA,0,incarceration,Foreign prison-population representation,ratio,6,66.46,,33.54,-32.92,0.5
2014-2019,2014,2019,Italy,IT,ITA,ITA,0,poverty,Poverty risk rate,percentage points,1,27.17,41.83,50.93,23.77,
2014-2019,2014,2019,Italy,IT,ITA,ITA,0,temporary_contract,Temporary contract rate,percentage points,6,21.43,23.67,21.57,0.15,
2014-2019,2014,2019,Liechtenstein,LI,LIE,LIE,0,incarceration,Foreign prison-population representation,ratio,6,17.38,,82.62,65.24,4.94
2014-2019,2014,2019,Lithuania,LT,LTU,LTU,0,brain_waste,Highly educated employment rate,percentage points,6,82.53,91.0,77.28,-5.24,
2014-2019,2014,2019,Lithuania,LT,LTU,LTU,0,incarceration,Foreign prison-population representation,ratio,6,98.17,,1.83,-96.35,0.02
2014-2019,2014,2019,Lithuania,LT,LTU,LTU,0,poverty,Poverty risk rate,percentage points,1,25.93,,38.43,12.5,
2014-2019,2014,2019,Lithuania,LT,LTU,LTU,0,temporary_contract,Temporary contract rate,percentage points,6,2.45,,,,
2014-2019,2014,2019,Luxembourg,LU,LUX,LUX,0,brain_waste,Highly educated employment rate,percentage points,6,76.92,80.51,70.34,-6.58,
2014-2019,2014,2019,Luxembourg,LU,LUX,LUX,0,incarceration,Foreign prison-population representation,ratio,5,26.04,,73.96,47.91,2.87
2014-2019,2014,2019,Luxembourg,LU,LUX,LUX,0,poverty,Poverty risk rate,percentage points,1,13.23,22.87,35.77,22.53,
2014-2019,2014,2019,Luxembourg,LU,LUX,LUX,0,temporary_contract,Temporary contract rate,percentage points,6,13.31,14.45,21.7,8.39,
2014-2019,2014,2019,Latvia,LV,LVA,LVA,0,brain_waste,Highly educated employment rate,percentage points,6,82.75,,68.81,-13.94,
2014-2019,2014,2019,Latvia,LV,LVA,LVA,0,incarceration,Foreign prison-population representation,ratio,6,97.61,,2.4,-95.21,0.02
2014-2019,2014,2019,Latvia,LV,LVA,LVA,0,poverty,Poverty risk rate,percentage points,1,29.07,13.5,39.6,10.53,
2014-2019,2014,2019,Latvia,LV,LVA,LVA,0,temporary_contract,Temporary contract rate,percentage points,6,3.76,,3.53,-0.23,
2014-2019,2014,2019,North Macedonia,MK,MKD,MKD,0,brain_waste,Highly educated employment rate,percentage points,6,68.79,,,,
2014-2019,2014,2019,North Macedonia,MK,MKD,MKD,0,incarceration,Foreign prison-population representation,ratio,2,93.12,,6.88,-86.23,0.07
2014-2019,2014,2019,North Macedonia,MK,MKD,MKD,0,poverty,Poverty risk rate,percentage points,1,42.67,,56.87,14.2,
2014-2019,2014,2019,North Macedonia,MK,MKD,MKD,0,temporary_contract,Temporary contract rate,percentage points,6,16.38,,,,
2014-2019,2014,2019,Malta,MT,MLT,MLT,0,brain_waste,Highly educated employment rate,percentage points,6,83.05,86.96,74.64,-8.41,
2014-2019,2014,2019,Malta,MT,MLT,MLT,0,incarceration,Foreign prison-population representation,ratio,5,44.77,,44.3,-11.41,0.81
2014-2019,2014,2019,Malta,MT,MLT,MLT,0,poverty,Poverty risk rate,percentage points,1,21.63,18.33,30.53,8.9,
2014-2019,2014,2019,Malta,MT,MLT,MLT,0,temporary_contract,Temporary contract rate,percentage points,6,7.36,11.89,11.99,4.63,
2014-2019,2014,2019,Montenegro,ME,MNE,MNE,0,brain_waste,Highly educated employment rate,percentage points,6,73.12,,69.19,-3.93,
2014-2019,2014,2019,Montenegro,ME,MNE,MNE,0,incarceration,Foreign prison-population representation,ratio,6,79.42,,20.58,-58.83,0.27
2014-2019,2014,2019,Montenegro,ME,MNE,MNE,0,poverty,Poverty risk rate,percentage points,1,36.5,,,,
2014-2019,2014,2019,Montenegro,ME,MNE,MNE,0,temporary_contract,Temporary contract rate,percentage points,6,34.52,,55.58,21.06,
2014-2019,2014,2019,Netherlands,NL,NLD,NLD,0,brain_waste,Highly educated employment rate,percentage points,6,80.8,81.13,66.9,-13.91,
2014-2019,2014,2019,Netherlands,NL,NLD,NLD,0,incarceration,Foreign prison-population representation,ratio,6,81.43,,18.46,-62.97,0.23
2014-2019,2014,2019,Netherlands,NL,NLD,NLD,0,poverty,Poverty risk rate,percentage points,1,17.53,19.6,39.8,22.27,
2014-2019,2014,2019,Netherlands,NL,NLD,NLD,0,temporary_contract,Temporary contract rate,percentage points,6,22.23,31.69,37.46,15.22,
2014-2019,2014,2019,Norway,NO,NOR,NOR,0,brain_waste,Highly educated employment rate,percentage points,6,82.9,86.08,73.26,-9.64,
2014-2019,2014,2019,Norway,NO,NOR,NOR,0,incarceration,Foreign prison-population representation,ratio,6,66.87,,31.6,-35.27,0.47
2014-2019,2014,2019,Norway,NO,NOR,NOR,0,poverty,Poverty risk rate,percentage points,1,13.87,16.23,28.47,14.6,
2014-2019,2014,2019,Norway,NO,NOR,NOR,0,temporary_contract,Temporary contract rate,percentage points,6,9.47,10.38,20.45,10.98,
2014-2019,2014,2019,Poland,PL,POL,POL,0,brain_waste,Highly educated employment rate,percentage points,6,77.49,84.95,73.86,-3.62,
2014-2019,2014,2019,Poland,PL,POL,POL,0,incarceration,Foreign prison-population representation,ratio,6,98.89,,1.11,-97.79,0.01
2014-2019,2014,2019,Poland,PL,POL,POL,0,poverty,Poverty risk rate,percentage points,1,24.43,,10.73,-13.7,
2014-2019,2014,2019,Poland,PL,POL,POL,0,temporary_contract,Temporary contract rate,percentage points,6,30.4,,55.75,25.35,
2014-2019,2014,2019,Portugal,PT,PRT,PRT,0,brain_waste,Highly educated employment rate,percentage points,6,76.33,78.73,64.46,-11.87,
2014-2019,2014,2019,Portugal,PT,PRT,PRT,0,incarceration,Foreign prison-population representation,ratio,6,83.68,,16.32,-67.36,0.2
2014-2019,2014,2019,Portugal,PT,PRT,PRT,0,poverty,Poverty risk rate,percentage points,1,27.27,28.8,50.7,23.43,
2014-2019,2014,2019,Portugal,PT,PRT,PRT,0,temporary_contract,Temporary contract rate,percentage points,6,26.96,34.47,47.46,20.5,
2014-2019,2014,2019,Romania,RO,ROU,ROU,0,brain_waste,Highly educated employment rate,percentage points,6,76.53,,,,
2014-2019,2014,2019,Romania,RO,ROU,ROU,0,incarceration,Foreign prison-population representation,ratio,6,98.92,,1.08,-97.84,0.01
2014-2019,2014,2019,Romania,RO,ROU,ROU,0,poverty,Poverty risk rate,percentage points,1,38.27,,,,
2014-2019,2014,2019,Romania,RO,ROU,ROU,0,temporary_contract,Temporary contract rate,percentage points,6,1.99,,,,
2014-2019,2014,2019,Serbia,RS,SRB,SRB,0,brain_waste,Highly educated employment rate,percentage points,6,66.43,,52.55,-14.17,
2014-2019,2014,2019,Serbia,RS,SRB,SRB,0,incarceration,Foreign prison-population representation,ratio,6,96.82,,3.18,-93.64,0.03
2014-2019,2014,2019,Serbia,RS,SRB,SRB,0,poverty,Poverty risk rate,percentage points,1,43.43,64.07,46.8,3.37,
2014-2019,2014,2019,Serbia,RS,SRB,SRB,0,temporary_contract,Temporary contract rate,percentage points,6,26.8,,,,
2014-2019,2014,2019,Slovakia,SK,SVK,SVK,0,brain_waste,Highly educated employment rate,percentage points,6,71.86,83.38,,,
2014-2019,2014,2019,Slovakia,SK,SVK,SVK,0,incarceration,Foreign prison-population representation,ratio,6,97.94,,2.06,-95.89,0.02
2014-2019,2014,2019,Slovakia,SK,SVK,SVK,0,poverty,Poverty risk rate,percentage points,1,17.73,28.67,,,
2014-2019,2014,2019,Slovakia,SK,SVK,SVK,0,temporary_contract,Temporary contract rate,percentage points,6,10.98,,,,
2014-2019,2014,2019,Slovenia,SI,SVN,SVN,0,brain_waste,Highly educated employment rate,percentage points,6,76.28,77.47,71.44,-4.84,
2014-2019,2014,2019,Slovenia,SI,SVN,SVN,0,incarceration,Foreign prison-population representation,ratio,5,87.52,,12.48,-75.04,0.15
2014-2019,2014,2019,Slovenia,SI,SVN,SVN,0,poverty,Poverty risk rate,percentage points,1,20.1,35.5,52.53,32.43,
2014-2019,2014,2019,Slovenia,SI,SVN,SVN,0,temporary_contract,Temporary contract rate,percentage points,6,22.89,26.11,34.36,11.47,
2014-2019,2014,2019,Sweden,SE,SWE,SWE,0,brain_waste,Highly educated employment rate,percentage points,6,82.98,81.34,62.81,-20.17,
2014-2019,2014,2019,Sweden,SE,SWE,SWE,0,incarceration,Foreign prison-population representation,ratio,6,51.34,,22.15,-29.19,0.43
2014-2019,2014,2019,Sweden,SE,SWE,SWE,0,poverty,Poverty risk rate,percentage points,1,15.83,31.27,54.5,38.67,
2014-2019,2014,2019,Sweden,SE,SWE,SWE,0,temporary_contract,Temporary contract rate,percentage points,6,19.09,24.8,42.03,22.94,
2014-2019,2014,2019,Turkey,TR,TUR,TUR,0,incarceration,Foreign prison-population representation,ratio,6,97.39,,2.61,-94.79,0.03
2014-2019,2014,2019,Turkey,TR,TUR,TUR,0,poverty,Poverty risk rate,percentage points,1,38.87,9.83,33.33,-5.53,
2014-2019,2014,2019,Kosovo,XK,XKX,XKX,0,incarceration,Foreign prison-population representation,ratio,6,93.04,,5.98,-87.06,0.06
2020-2024,2020,2024,Albania,AL,ALB,ALB,0,incarceration,Foreign prison-population representation,ratio,5,97.48,,2.52,-94.96,0.03
2020-2024,2020,2024,Albania,AL,ALB,ALB,0,poverty,Poverty risk rate,percentage points,3,20.8,,11.9,-8.9,
2020-2024,2020,2024,Austria,AT,AUT,AUT,0,brain_waste,Highly educated employment rate,percentage points,5,79.42,79.44,63.67,-15.75,
2020-2024,2020,2024,Austria,AT,AUT,AUT,0,incarceration,Foreign prison-population representation,ratio,5,48.52,,51.48,2.95,1.06
2020-2024,2020,2024,Austria,AT,AUT,AUT,0,poverty,Poverty risk rate,percentage points,5,10.7,,22.12,11.42,
2020-2024,2020,2024,Austria,AT,AUT,AUT,0,temporary_contract,Temporary contract rate,percentage points,5,10.31,13.28,14.73,4.42,
2020-2024,2020,2024,Belgium,BE,BEL,BEL,0,brain_waste,Highly educated employment rate,percentage points,5,77.09,78.55,59.95,-17.14,
2020-2024,2020,2024,Belgium,BE,BEL,BEL,0,incarceration,Foreign prison-population representation,ratio,5,55.88,,44.03,-11.85,0.79
2020-2024,2020,2024,Belgium,BE,BEL,BEL,0,poverty,Poverty risk rate,percentage points,5,9.62,,17.62,8.0,
2020-2024,2020,2024,Belgium,BE,BEL,BEL,0,temporary_contract,Temporary contract rate,percentage points,5,13.41,17.76,29.33,15.92,
2020-2024,2020,2024,Bulgaria,BG,BGR,BGR,0,brain_waste,Highly educated employment rate,percentage points,5,80.41,,,,
2020-2024,2020,2024,Bulgaria,BG,BGR,BGR,0,incarceration,Foreign prison-population representation,ratio,5,97.26,,2.74,-94.53,0.03
2020-2024,2020,2024,Bulgaria,BG,BGR,BGR,0,poverty,Poverty risk rate,percentage points,5,21.68,,32.58,10.6,
2020-2024,2020,2024,Bulgaria,BG,BGR,BGR,0,temporary_contract,Temporary contract rate,percentage points,5,4.15,,,,
2020-2024,2020,2024,Bosnia and Herzegovina,BA,BIH,BIH,0,brain_waste,Highly educated employment rate,percentage points,4,70.67,,,,
2020-2024,2020,2024,Bosnia and Herzegovina,BA,BIH,BIH,0,incarceration,Foreign prison-population representation,ratio,5,72.12,,2.58,-69.54,0.03
2020-2024,2020,2024,Bosnia and Herzegovina,BA,BIH,BIH,0,temporary_contract,Temporary contract rate,percentage points,4,14.64,,,,
2020-2024,2020,2024,Switzerland,CH,CHE,CHE,0,brain_waste,Highly educated employment rate,percentage points,5,82.73,81.06,65.27,-17.46,
2020-2024,2020,2024,Switzerland,CH,CHE,CHE,0,incarceration,Foreign prison-population representation,ratio,5,29.49,,70.51,41.02,2.39
2020-2024,2020,2024,Switzerland,CH,CHE,CHE,0,poverty,Poverty risk rate,percentage points,4,13.82,,15.55,1.73,
2020-2024,2020,2024,Switzerland,CH,CHE,CHE,0,temporary_contract,Temporary contract rate,percentage points,5,15.89,16.43,21.48,5.58,
2020-2024,2020,2024,Cyprus,CY,CYP,CYP,0,brain_waste,Highly educated employment rate,percentage points,5,79.71,81.65,61.98,-17.73,
2020-2024,2020,2024,Cyprus,CY,CYP,CYP,0,incarceration,Foreign prison-population representation,ratio,5,47.63,,52.37,4.74,1.12
2020-2024,2020,2024,Cyprus,CY,CYP,CYP,0,poverty,Poverty risk rate,percentage points,5,12.58,,18.18,5.6,
2020-2024,2020,2024,Cyprus,CY,CYP,CYP,0,temporary_contract,Temporary contract rate,percentage points,5,8.59,7.7,50.76,42.17,
2020-2024,2020,2024,Czechia,CZ,CZE,CZE,0,brain_waste,Highly educated employment rate,percentage points,5,79.25,87.31,79.81,0.56,
2020-2024,2020,2024,Czechia,CZ,CZE,CZE,0,incarceration,Foreign prison-population representation,ratio,5,92.06,,7.94,-84.11,0.09
2020-2024,2020,2024,Czechia,CZ,CZE,CZE,0,poverty,Poverty risk rate,percentage points,5,9.04,,14.44,5.4,
2020-2024,2020,2024,Czechia,CZ,CZE,CZE,0,temporary_contract,Temporary contract rate,percentage points,5,9.41,15.96,19.38,9.97,
2020-2024,2020,2024,Germany,DE,DEU,DEU,0,brain_waste,Highly educated employment rate,percentage points,5,81.62,79.67,62.36,-19.27,
2020-2024,2020,2024,Germany,DE,DEU,DEU,0,poverty,Poverty risk rate,percentage points,5,12.74,,18.44,5.7,
2020-2024,2020,2024,Germany,DE,DEU,DEU,0,temporary_contract,Temporary contract rate,percentage points,5,14.43,17.17,23.88,9.45,
2020-2024,2020,2024,Denmark,DK,DNK,DNK,0,brain_waste,Highly educated employment rate,percentage points,1,79.41,82.11,72.38,-7.04,
2020-2024,2020,2024,Denmark,DK,DNK,DNK,0,incarceration,Foreign prison-population representation,ratio,5,73.46,,26.54,-46.91,0.36
2020-2024,2020,2024,Denmark,DK,DNK,DNK,0,poverty,Poverty risk rate,percentage points,5,10.76,,19.0,8.24,
2020-2024,2020,2024,Denmark,DK,DNK,DNK,0,temporary_contract,Temporary contract rate,percentage points,1,12.8,15.57,19.31,6.51,
2020-2024,2020,2024,Spain,ES,ESP,ESP,0,brain_waste,Highly educated employment rate,percentage points,5,74.53,68.39,59.6,-14.93,
2020-2024,2020,2024,Spain,ES,ESP,ESP,0,incarceration,Foreign prison-population representation,ratio,5,69.54,,30.46,-39.08,0.44
2020-2024,2020,2024,Spain,ES,ESP,ESP,0,poverty,Poverty risk rate,percentage points,5,16.84,,29.04,12.2,
2020-2024,2020,2024,Spain,ES,ESP,ESP,0,temporary_contract,Temporary contract rate,percentage points,5,24.93,22.28,34.25,9.32,
2020-2024,2020,2024,Estonia,EE,EST,EST,0,brain_waste,Highly educated employment rate,percentage points,5,83.27,84.48,69.76,-13.51,
2020-2024,2020,2024,Estonia,EE,EST,EST,0,incarceration,Foreign prison-population representation,ratio,5,66.65,,33.5,-33.15,0.5
2020-2024,2020,2024,Estonia,EE,EST,EST,0,poverty,Poverty risk rate,percentage points,5,18.98,,25.38,6.4,
2020-2024,2020,2024,Estonia,EE,EST,EST,0,temporary_contract,Temporary contract rate,percentage points,5,4.03,,3.17,-0.86,
2020-2024,2020,2024,Finland,FI,FIN,FIN,0,brain_waste,Highly educated employment rate,percentage points,5,79.31,80.78,72.29,-7.03,
2020-2024,2020,2024,Finland,FI,FIN,FIN,0,incarceration,Foreign prison-population representation,ratio,5,81.67,,18.33,-63.34,0.23
2020-2024,2020,2024,Finland,FI,FIN,FIN,0,poverty,Poverty risk rate,percentage points,5,11.68,,14.42,2.74,
2020-2024,2020,2024,Finland,FI,FIN,FIN,0,temporary_contract,Temporary contract rate,percentage points,5,17.98,21.65,29.0,11.02,
2020-2024,2020,2024,France,FR,FRA,FRA,0,brain_waste,Highly educated employment rate,percentage points,5,77.42,75.93,61.81,-15.61,
2020-2024,2020,2024,France,FR,FRA,FRA,0,incarceration,Foreign prison-population representation,ratio,5,75.16,,24.84,-50.32,0.33
2020-2024,2020,2024,France,FR,FRA,FRA,0,poverty,Poverty risk rate,percentage points,5,13.6,,16.2,2.6,
2020-2024,2020,2024,France,FR,FRA,FRA,0,temporary_contract,Temporary contract rate,percentage points,5,18.97,20.95,29.16,10.18,
2020-2024,2020,2024,Greece,EL,GRC,GRC,0,brain_waste,Highly educated employment rate,percentage points,5,70.06,60.55,54.7,-15.36,
2020-2024,2020,2024,Greece,EL,GRC,GRC,0,incarceration,Foreign prison-population representation,ratio,5,43.56,,56.44,12.88,1.31
2020-2024,2020,2024,Greece,EL,GRC,GRC,0,poverty,Poverty risk rate,percentage points,5,18.4,,22.24,3.84,
2020-2024,2020,2024,Greece,EL,GRC,GRC,0,temporary_contract,Temporary contract rate,percentage points,5,11.3,25.61,24.01,12.71,
2020-2024,2020,2024,Croatia,HR,HRV,HRV,0,brain_waste,Highly educated employment rate,percentage points,5,75.48,85.57,72.25,-4.05,
2020-2024,2020,2024,Croatia,HR,HRV,HRV,0,incarceration,Foreign prison-population representation,ratio,5,85.53,,14.47,-71.06,0.17
2020-2024,2020,2024,Croatia,HR,HRV,HRV,0,poverty,Poverty risk rate,percentage points,5,18.44,,15.82,-2.62,
2020-2024,2020,2024,Croatia,HR,HRV,HRV,0,temporary_contract,Temporary contract rate,percentage points,5,15.98,,27.78,12.91,
2020-2024,2020,2024,Hungary,HU,HUN,HUN,0,brain_waste,Highly educated employment rate,percentage points,5,80.75,87.78,75.79,-4.96,
2020-2024,2020,2024,Hungary,HU,HUN,HUN,0,incarceration,Foreign prison-population representation,ratio,5,91.79,,8.21,-83.58,0.09
2020-2024,2020,2024,Hungary,HU,HUN,HUN,0,poverty,Poverty risk rate,percentage points,5,13.54,,11.28,-2.26,
2020-2024,2020,2024,Hungary,HU,HUN,HUN,0,temporary_contract,Temporary contract rate,percentage points,5,6.32,,,,
2020-2024,2020,2024,Ireland,IE,IRL,IRL,0,brain_waste,Highly educated employment rate,percentage points,5,80.35,83.86,76.19,-4.16,
2020-2024,2020,2024,Ireland,IE,IRL,IRL,0,incarceration,Foreign prison-population representation,ratio,5,84.46,,15.54,-68.93,0.18
2020-2024,2020,2024,Ireland,IE,IRL,IRL,0,poverty,Poverty risk rate,percentage points,5,12.04,,12.5,0.46,
2020-2024,2020,2024,Ireland,IE,IRL,IRL,0,temporary_contract,Temporary contract rate,percentage points,5,10.81,5.0,8.71,-2.1,
2020-2024,2020,2024,Iceland,IS,ISL,ISL,0,brain_waste,Highly educated employment rate,percentage points,5,85.94,86.21,79.51,-6.44,
2020-2024,2020,2024,Iceland,IS,ISL,ISL,0,incarceration,Foreign prison-population representation,ratio,5,69.25,,30.75,-38.51,0.46
2020-2024,2020,2024,Iceland,IS,ISL,ISL,0,temporary_contract,Temporary contract rate,percentage points,5,12.74,8.82,19.73,6.21,
2020-2024,2020,2024,Italy,IT,ITA,ITA,0,brain_waste,Highly educated employment rate,percentage points,5,74.89,68.96,61.56,-13.33,
2020-2024,2020,2024,Italy,IT,ITA,ITA,0,incarceration,Foreign prison-population representation,ratio,5,68.05,,31.95,-36.11,0.47
2020-2024,2020,2024,Italy,IT,ITA,ITA,0,poverty,Poverty risk rate,percentage points,5,17.68,,31.22,13.54,
2020-2024,2020,2024,Italy,IT,ITA,ITA,0,temporary_contract,Temporary contract rate,percentage points,5,21.52,24.95,25.3,3.78,
2020-2024,2020,2024,Liechtenstein,LI,LIE,LIE,0,incarceration,Foreign prison-population representation,ratio,4,18.22,,81.78,63.56,7.66
2020-2024,2020,2024,Lithuania,LT,LTU,LTU,0,brain_waste,Highly educated employment rate,percentage points,5,82.14,93.4,77.79,-4.35,
2020-2024,2020,2024,Lithuania,LT,LTU,LTU,0,incarceration,Foreign prison-population representation,ratio,5,96.88,,3.12,-93.77,0.03
2020-2024,2020,2024,Lithuania,LT,LTU,LTU,0,poverty,Poverty risk rate,percentage points,5,20.54,,27.28,6.74,
2020-2024,2020,2024,Lithuania,LT,LTU,LTU,0,temporary_contract,Temporary contract rate,percentage points,5,2.23,,,,
2020-2024,2020,2024,Luxembourg,LU,LUX,LUX,0,brain_waste,Highly educated employment rate,percentage points,5,75.95,80.47,71.31,-4.64,
2020-2024,2020,2024,Luxembourg,LU,LUX,LUX,0,incarceration,Foreign prison-population representation,ratio,5,25.02,,74.98,49.95,3.02
2020-2024,2020,2024,Luxembourg,LU,LUX,LUX,0,poverty,Poverty risk rate,percentage points,5,12.62,,19.08,6.46,
2020-2024,2020,2024,Luxembourg,LU,LUX,LUX,0,temporary_contract,Temporary contract rate,percentage points,5,12.66,12.12,13.87,1.21,
2020-2024,2020,2024,Latvia,LV,LVA,LVA,0,brain_waste,Highly educated employment rate,percentage points,5,81.35,89.11,66.69,-14.67,
2020-2024,2020,2024,Latvia,LV,LVA,LVA,0,incarceration,Foreign prison-population representation,ratio,5,96.75,,2.88,-93.87,0.03
2020-2024,2020,2024,Latvia,LV,LVA,LVA,0,poverty,Poverty risk rate,percentage points,5,21.04,,29.4,8.36,
2020-2024,2020,2024,Latvia,LV,LVA,LVA,0,temporary_contract,Temporary contract rate,percentage points,5,3.07,,3.0,0.02,
2020-2024,2020,2024,North Macedonia,MK,MKD,MKD,0,brain_waste,Highly educated employment rate,percentage points,5,73.07,88.64,73.29,-0.12,
2020-2024,2020,2024,North Macedonia,MK,MKD,MKD,0,incarceration,Foreign prison-population representation,ratio,3,91.59,,8.2,-83.39,0.09
2020-2024,2020,2024,North Macedonia,MK,MKD,MKD,0,poverty,Poverty risk rate,percentage points,4,22.48,,14.65,-7.83,
2020-2024,2020,2024,North Macedonia,MK,MKD,MKD,0,temporary_contract,Temporary contract rate,percentage points,5,19.84,39.16,22.5,2.57,
2020-2024,2020,2024,Malta,MT,MLT,MLT,0,brain_waste,Highly educated employment rate,percentage points,1,84.39,94.74,70.36,-14.03,
2020-2024,2020,2024,Malta,MT,MLT,MLT,0,incarceration,Foreign prison-population representation,ratio,5,47.34,,52.66,5.32,1.13
2020-2024,2020,2024,Malta,MT,MLT,MLT,0,poverty,Poverty risk rate,percentage points,5,15.12,,17.26,2.14,
2020-2024,2020,2024,Malta,MT,MLT,MLT,0,temporary_contract,Temporary contract rate,percentage points,1,6.01,22.77,18.23,12.22,
2020-2024,2020,2024,Montenegro,ME,MNE,MNE,0,brain_waste,Highly educated employment rate,percentage points,1,69.67,,,,
2020-2024,2020,2024,Montenegro,ME,MNE,MNE,0,incarceration,Foreign prison-population representation,ratio,5,83.78,,16.22,-67.55,0.19
2020-2024,2020,2024,Montenegro,ME,MNE,MNE,0,poverty,Poverty risk rate,percentage points,3,20.6,,6.3,-14.3,
2020-2024,2020,2024,Montenegro,ME,MNE,MNE,0,temporary_contract,Temporary contract rate,percentage points,1,34.2,,42.53,8.33,
2020-2024,2020,2024,Netherlands,NL,NLD,NLD,0,brain_waste,Highly educated employment rate,percentage points,5,82.25,81.63,65.02,-17.23,
2020-2024,2020,2024,Netherlands,NL,NLD,NLD,0,incarceration,Foreign prison-population representation,ratio,5,78.55,,21.45,-57.11,0.27
2020-2024,2020,2024,Netherlands,NL,NLD,NLD,0,poverty,Poverty risk rate,percentage points,5,11.0,,15.48,4.48,
2020-2024,2020,2024,Netherlands,NL,NLD,NLD,0,temporary_contract,Temporary contract rate,percentage points,5,26.3,32.94,45.01,18.71,
2020-2024,2020,2024,Norway,NO,NOR,NOR,0,brain_waste,Highly educated employment rate,percentage points,5,82.45,86.01,73.49,-8.95,
2020-2024,2020,2024,Norway,NO,NOR,NOR,0,incarceration,Foreign prison-population representation,ratio,5,73.75,,25.89,-47.87,0.35
2020-2024,2020,2024,Norway,NO,NOR,NOR,0,poverty,Poverty risk rate,percentage points,5,9.9,,11.74,1.84,
2020-2024,2020,2024,Norway,NO,NOR,NOR,0,temporary_contract,Temporary contract rate,percentage points,5,9.3,8.17,22.74,13.43,
2020-2024,2020,2024,Poland,PL,POL,POL,0,brain_waste,Highly educated employment rate,percentage points,5,80.64,92.26,84.09,3.44,
2020-2024,2020,2024,Poland,PL,POL,POL,0,incarceration,Foreign prison-population representation,ratio,5,97.27,,2.73,-94.54,0.03
2020-2024,2020,2024,Poland,PL,POL,POL,0,poverty,Poverty risk rate,percentage points,5,13.9,,12.38,-1.52,
2020-2024,2020,2024,Poland,PL,POL,POL,0,temporary_contract,Temporary contract rate,percentage points,5,20.23,,40.49,20.26,
2020-2024,2020,2024,Portugal,PT,PRT,PRT,0,brain_waste,Highly educated employment rate,percentage points,5,80.86,86.18,72.11,-8.75,
2020-2024,2020,2024,Portugal,PT,PRT,PRT,0,incarceration,Foreign prison-population representation,ratio,5,84.21,,15.79,-68.42,0.19
2020-2024,2020,2024,Portugal,PT,PRT,PRT,0,poverty,Poverty risk rate,percentage points,5,16.26,,15.24,-1.02,
2020-2024,2020,2024,Portugal,PT,PRT,PRT,0,temporary_contract,Temporary contract rate,percentage points,5,21.82,21.01,44.77,22.95,
2020-2024,2020,2024,Romania,RO,ROU,ROU,0,brain_waste,Highly educated employment rate,percentage points,5,79.52,,72.55,-7.45,
2020-2024,2020,2024,Romania,RO,ROU,ROU,0,incarceration,Foreign prison-population representation,ratio,5,98.95,,1.05,-97.89,0.01
2020-2024,2020,2024,Romania,RO,ROU,ROU,0,poverty,Poverty risk rate,percentage points,5,20.42,,,,
2020-2024,2020,2024,Romania,RO,ROU,ROU,0,temporary_contract,Temporary contract rate,percentage points,5,2.74,,,,
2020-2024,2020,2024,Serbia,RS,SRB,SRB,0,brain_waste,Highly educated employment rate,percentage points,5,73.57,97.34,69.32,-4.96,
2020-2024,2020,2024,Serbia,RS,SRB,SRB,0,incarceration,Foreign prison-population representation,ratio,5,95.59,,4.41,-91.18,0.05
2020-2024,2020,2024,Serbia,RS,SRB,SRB,0,poverty,Poverty risk rate,percentage points,5,20.58,,16.48,-4.1,
2020-2024,2020,2024,Serbia,RS,SRB,SRB,0,temporary_contract,Temporary contract rate,percentage points,5,25.12,,52.97,27.73,
2020-2024,2020,2024,Slovakia,SK,SVK,SVK,0,brain_waste,Highly educated employment rate,percentage points,5,77.63,,,,
2020-2024,2020,2024,Slovakia,SK,SVK,SVK,0,incarceration,Foreign prison-population representation,ratio,5,96.48,,3.72,-92.76,0.04
2020-2024,2020,2024,Slovakia,SK,SVK,SVK,0,poverty,Poverty risk rate,percentage points,5,13.32,,11.06,-2.26,
2020-2024,2020,2024,Slovakia,SK,SVK,SVK,0,temporary_contract,Temporary contract rate,percentage points,5,6.85,,,,
2020-2024,2020,2024,Slovenia,SI,SVN,SVN,0,brain_waste,Highly educated employment rate,percentage points,5,80.49,86.56,72.98,-7.5,
2020-2024,2020,2024,Slovenia,SI,SVN,SVN,0,incarceration,Foreign prison-population representation,ratio,5,65.66,,34.34,-31.32,0.54
2020-2024,2020,2024,Slovenia,SI,SVN,SVN,0,poverty,Poverty risk rate,percentage points,5,11.82,,19.94,8.12,
2020-2024,2020,2024,Slovenia,SI,SVN,SVN,0,temporary_contract,Temporary contract rate,percentage points,5,17.05,15.05,22.55,5.51,
2020-2024,2020,2024,Sweden,SE,SWE,SWE,0,brain_waste,Highly educated employment rate,percentage points,5,81.59,85.66,68.98,-12.61,
2020-2024,2020,2024,Sweden,SE,SWE,SWE,0,incarceration,Foreign prison-population representation,ratio,5,71.46,,23.0,-48.46,0.33
2020-2024,2020,2024,Sweden,SE,SWE,SWE,0,poverty,Poverty risk rate,percentage points,5,11.54,,17.78,6.24,
2020-2024,2020,2024,Sweden,SE,SWE,SWE,0,temporary_contract,Temporary contract rate,percentage points,5,17.39,20.49,36.49,19.1,
2020-2024,2020,2024,Turkey,TR,TUR,TUR,0,incarceration,Foreign prison-population representation,ratio,5,95.9,,4.09,-91.81,0.04
2020-2024,2020,2024,Turkey,TR,TUR,TUR,0,poverty,Poverty risk rate,percentage points,5,22.28,,7.06,-15.22,
2020-2024,2020,2024,Kosovo,XK,XKX,XKX,0,incarceration,Foreign prison-population representation,ratio,1,92.69,,7.31,-85.39,0.08
